EJERCICIO,programa,componente,incentivo,apoyo,beneficiario,tipo_apoyo,concepto_apoyo,monto_solicitado,monto_federal_aportado,PESQUERIA,cobertura_apoyo,zona,entidad,cve_ent,municipio,cve_mun,localidad,cve_loc,tipo_persona,cve_inegi,unidadeconmica,rnpa,RNPA_disponible,clasificacion_cn,ID_ben
2018,PROGRAMA DE FOMENTO A LA PRODUCTIVIDAD PESQUERA Y ACUICOLA,FOMENTO AL CONSUMO,ACCIONES PARA FOMENTO AL CONSUMO,"EVENTOS Y FERIAS REGIONALES, NACIONALES E INTERNACIONALES",PESQUERA MAGGI MAGGI SA DE CV,CAMPANA,CAMPAÑA DE ´POSICIONAMIENTO ESTRATEGICO DE LA PESCA Y PROMOCIÓN DE LA PESCA SUSTENTABLE ,6800000,6800000,PESCADOS Y MARISCOS,NACIONAL Y REGIONAL,SIN ESPECIFICAR,NA,NA,NA,NA,NA,NA,MORAL,NA,PESQUERA MAGGI MAGGI SA DE CV,2508010507,Disponible,FOMENTO AL CONSUMO,PESQUERA MAGGI MAGGI SA DE CV-PESQUERA MAGGI MAGGI SA DE CV-2508010507-XXXXXXXXX
2015,PROGRAMA DE FOMENTO A LA PRODUCTIVIDAD PESQUERA Y ACUICOLA,FOMENTO AL CONSUMO DE PRODUCTOS PESQUEROS Y ACUICOLAS,ESTUDIOS DE MERCADO Y MONITOREO DE CONSUMO,ESTUDIO DE DIAGNOSTICO Y CONSUMO,CENTRO DE INVESTIGACION EN ALIMENTACION Y DESARROLLO AC,ESTUDIO,ESTUDIO ANALITICO Y NUTRIMENTAL DE PRODUCTOS PESQUEROS Y ACUICOLAS MEXICANOS,1667094,1667094,PESCADOS Y MARISCOS,NACIONAL,PACIFICO NORTE,SONORA,26,HERMOSILLO,26030,HERMOSILLO,260300001,MORAL,260300001,CENTRO DE INVEST EN ALIMENTACION Y DESARROLLO AC (CIAD),2508011059,Disponible,FOMENTO AL CONSUMO,CENTRO DE INVESTIGACION EN ALIMENTACION Y DESARROLLO AC-CENTRO DE INVEST EN ALIMENTACION Y DESARROLLO AC (CIAD)-2508011059-260300001
2015,PROGRAMA DE FOMENTO A LA PRODUCTIVIDAD PESQUERA Y ACUICOLA,FOMENTO AL CONSUMO DE PRODUCTOS PESQUEROS Y ACUICOLAS,MISIONES COMERCIALES Y DE INTERCAMBIO,MISIONES COMERCIALES Y DE INTERCAMBIO,FRUTOS MARINOS SA DE CV,MISION,"MISION COMERCIAL DE NEGOCIOS A RUSIA, EN APOYO A LA COMERCIALIZACION DE PRODUCTOS PESQUEROS Y ACUICOLAS",70000,70000,PESCADOS Y MARISCOS,MUNDIAL,SIN ESPECIFICAR,NA,NA,NA,NA,NA,NA,MORAL,NA,FRUTOS MARINOS SA DE CV,2604610135,Disponible,FOMENTO AL CONSUMO,FRUTOS MARINOS SA DE CV-FRUTOS MARINOS SA DE CV-2604610135-XXXXXXXXX
2018,PROGRAMA DE FOMENTO A LA PRODUCTIVIDAD PESQUERA Y ACUICOLA,FOMENTO AL CONSUMO,ACCIONES PARA FOMENTO AL CONSUMO,"EVENTOS Y FERIAS REGIONALES, NACIONALES E INTERNACIONALES",ASOCIACION DE PRODUCTORES ACUICOLAS DEL ESTADO DE ZACATECAS SISTEMA PRODUCTO TILAPIA AC,FERIA,QUINTA FERIA DE LA TILAPIA 2018,197190,197190,TILAPIA,REGIONAL,SIN ESPECIFICAR,NA,NA,NA,NA,NA,NA,MORAL,NA,ASOCIACION DE PRODUCTORES DE TILAPIA DEL ESTADO DE TLAXCALA AC,2901002523,Disponible,FOMENTO AL CONSUMO,ASOCIACION DE PRODUCTORES ACUICOLAS DEL ESTADO DE ZACATECAS SISTEMA PRODUCTO TILAPIA AC-ASOCIACION DE PRODUCTORES DE TILAPIA DEL ESTADO DE TLAXCALA AC-2901002523-XXXXXXXXX
2014,PROGRAMA DE FOMENTO A LA PRODUCTIVIDAD PESQUERA Y ACUICOLA,FOMENTO AL CONSUMO DE PRODUCTOS PESQUEROS Y ACUICOLAS,"EVENTOS Y FERIAS REGIONALES, NACIONALES E INTERNACIONALES","EVENTOS Y FERIAS REGIONALES, NACIONALES E INTERNACIONALES",COMITE NACIONAL SISTEMA PRODUCTO CAMARON DE ALTAMAR AC,CAMPANA,CAMPANA INTEGRAL III DE PROMOCION DE FOMENTO AL CONSUMO DE PESCADOS Y MARISCOS MEXICANOS,10000000,10000000,PESCADOS Y MARISCOS,REGIONAL,SIN ESPECIFICAR,NA,NA,NA,NA,NA,NA,MORAL,NA,NA,NA,No Disponible,FOMENTO AL CONSUMO,COMITE NACIONAL SISTEMA PRODUCTO CAMARON DE ALTAMAR AC-XX-XX-XXXXXXXXX
2014,PROGRAMA DE FOMENTO A LA PRODUCTIVIDAD PESQUERA Y ACUICOLA,FOMENTO AL CONSUMO DE PRODUCTOS PESQUEROS Y ACUICOLAS,"EVENTOS Y FERIAS REGIONALES, NACIONALES E INTERNACIONALES","EVENTOS Y FERIAS REGIONALES, NACIONALES E INTERNACIONALES",COMITE SISTEMA PRODUCTO PELAGICOS MENORES DE BAJA CALIFORNIA AC,EVENTO,FERIA NACIONAL DE SARDINA,600000,600000,SARDINA,REGIONAL,PACIFICO NORTE,BAJA CALIFORNIA,2,ENSENADA,2001,ENSENADA,20010001,MORAL,20010001,NA,NA,No Disponible,FOMENTO AL CONSUMO,COMITE SISTEMA PRODUCTO PELAGICOS MENORES DE BAJA CALIFORNIA AC-XX-XX-020010001
2014,PROGRAMA DE FOMENTO A LA PRODUCTIVIDAD PESQUERA Y ACUICOLA,FOMENTO AL CONSUMO DE PRODUCTOS PESQUEROS Y ACUICOLAS,ESTUDIO DE DIAGNOSTICO Y CONSUMO,ESTUDIO DE DIAGNOSTICO Y CONSUMO,INSTITUTO NACIONAL DE CIENCIAS MEDICAS Y NUTRICION SALVADOR ZUBIRAN,ESTUDIO,ESTUDIO ANALITICO Y NUTRIMENTAL DE PRODUCTOS PESQUEROS Y ACUICOLAS MEXICANOS,1597600,1597600,PESCADOS Y MARISCOS,NACIONAL,AGUAS INTERIORES,CIUDAD DE MEXICO,9,DEL. TLALPAN,9012,NA,NA,MORAL,NA,NA,NA,No Disponible,FOMENTO AL CONSUMO,INSTITUTO NACIONAL DE CIENCIAS MEDICAS Y NUTRICION SALVADOR ZUBIRAN-XX-XX-09012XXXX
2015,PROGRAMA DE FOMENTO A LA PRODUCTIVIDAD PESQUERA Y ACUICOLA,FOMENTO AL CONSUMO DE PRODUCTOS PESQUEROS Y ACUICOLAS,"EVENTOS Y FERIAS REGIONALES, NACIONALES E INTERNACIONALES","EVENTOS Y FERIAS REGIONALES, NACIONALES E INTERNACIONALES",VICTORIA POR VICTORIA AC,EVENTO,2DO FORO ACUICOLA Y PESQUERO DE LA CONFEDERACION NACIONAL CAMPESINA UNPAC-CNC 2015,2500000,2500000,PESCADOS Y MARISCOS,ESTATAL,PACIFICO NORTE,SINALOA,25,MAZATLAN,25012,MAZATLAN,250120001,MORAL,250120001,NA,NA,No Disponible,FOMENTO AL CONSUMO,VICTORIA POR VICTORIA AC-XX-XX-250120001
2016,PROGRAMA DE FOMENTO A LA PRODUCTIVIDAD PESQUERA Y ACUICOLA,FOMENTO AL CONSUMO,FOMENTO AL CONSUMO,"EVENTOS Y FERIAS REGIONALES, NACIONALES E INTERNACIONALES",COMITE NACIONAL SISTEMA PRODUCTO CAMARON DE ALTAMAR AC,EVENTO,FESTIVAL DE CAMARON 2016,1000000,1000000,CAMARON,ESTATAL,AGUAS INTERIORES,DURANGO,10,DURANGO,10005,NA,NA,MORAL,NA,NA,NA,No Disponible,FOMENTO AL CONSUMO,COMITE NACIONAL SISTEMA PRODUCTO CAMARON DE ALTAMAR AC-XX-XX-10005XXXX
2015,PROGRAMA DE FOMENTO A LA PRODUCTIVIDAD PESQUERA Y ACUICOLA,FOMENTO AL CONSUMO DE PRODUCTOS PESQUEROS Y ACUICOLAS,CAMPANAS INTEGRALES DE PROMOCION DE FOMENTO AL CONSUMO,ESTUDIO DE DIAGNOSTICO Y CONSUMO,CONSEJO MEXICANO DE PROMOCION DE LOS PRODUCTOS PESQUEROS Y ACUICOLAS AC,CAMPANA,CAMPANA INTEGRAL II DE FOMENTO AL CONSUMO DE PESCADOS Y MARISCOS MEXICANOS,21000000,21000000,PESCADOS Y MARISCOS,REGIONAL,SIN ESPECIFICAR,NA,NA,NA,NA,NA,NA,MORAL,NA,NA,NA,No Disponible,FOMENTO AL CONSUMO,CONSEJO MEXICANO DE PROMOCION DE LOS PRODUCTOS PESQUEROS Y ACUICOLAS AC-XX-XX-XXXXXXXXX
2018,PROGRAMA DE FOMENTO A LA PRODUCTIVIDAD PESQUERA Y ACUICOLA,FOMENTO AL CONSUMO,ACCIONES PARA FOMENTO AL CONSUMO,"EVENTOS Y FERIAS REGIONALES, NACIONALES E INTERNACIONALES",FEDERACION DE COOPERATIVAS DE PRODUCCION PESQUERAS AUTENTICOS PESCADORES DE LA BAHIA DEL TOBARI SC DE RL DE CV,EVENTO,PRIMER CONGRESO NACIONAL COOPERATIVO DEL SECTOR PESQUERO MEXICANO 2018,3200000,3200000,PESCADOS Y MARISCOS,ESTATAL,PACIFICO NORTE,SONORA,26,ACONCHI,26001,ACONCHI,260010001,MORAL,260010001,NA,NA,No Disponible,FOMENTO AL CONSUMO,FEDERACION DE COOPERATIVAS DE PRODUCCION PESQUERAS AUTENTICOS PESCADORES DE LA BAHIA DEL TOBARI SC DE RL DE CV-XX-XX-260010001
2017,PROGRAMA DE FOMENTO A LA PRODUCTIVIDAD PESQUERA Y ACUICOLA,FOMENTO AL CONSUMO,ACCIONES PARA FOMENTO AL CONSUMO,"EVENTOS Y FERIAS REGIONALES, NACIONALES E INTERNACIONALES",UNION NACIONAL DE PESCA Y ACUACULTURA DE LA CONFEDERACION NACIONAL CAMPESINA AC,EVENTO,LA REVOLUCION ACUICOLA Y PESQUERA DE MEXICO,1500000,1500000,PESCADOS Y MARISCOS,ESTATAL,PACIFICO NORTE,NAYARIT,18,TEPIC,18017,TEPIC,180170001,MORAL,180170001,NA,NA,No Disponible,FOMENTO AL CONSUMO,UNION NACIONAL DE PESCA Y ACUACULTURA DE LA CONFEDERACION NACIONAL CAMPESINA AC-XX-XX-180170001
2016,PROGRAMA DE FOMENTO A LA PRODUCTIVIDAD PESQUERA Y ACUICOLA,FOMENTO AL CONSUMO,FOMENTO AL CONSUMO,"EVENTOS Y FERIAS REGIONALES, NACIONALES E INTERNACIONALES",HINFRA SA DE CV,EVENTO,UNA AVENTURA MARINA 2016,1000000,1000000,PESCADOS Y MARISCOS,ESTATAL,AGUAS INTERIORES,PUEBLA,21,PUEBLA,21114,HEROICA PUEBLA DE ZARAGOZA,211140001,MORAL,211140001,NA,NA,No Disponible,FOMENTO AL CONSUMO,HINFRA SA DE CV-XX-XX-211140001
2019,PROGRAMA DE FOMENTO A LA PRODUCTIVIDAD PESQUERA Y ACUICOLA,FOMENTO AL CONSUMO,ACCIONES PARA FOMENTO AL CONSUMO,"EVENTOS Y FERIAS REGIONALES, NACIONALES E INTERNACIONALES",OSTRICULTORES DE BAJA CALIFORNIA AC,EVENTO,OYSTER FEST 2019,186409.2,186000,OSTION,ESTATAL,PACIFICO NORTE,BAJA CALIFORNIA,2,ENSENADA,2001,ENSENADA,NA,MORAL,NA,NA,NA,No Disponible,FOMENTO AL CONSUMO,OSTRICULTORES DE BAJA CALIFORNIA AC-XX-XX-02001XXXX
2019,PROGRAMA DE FOMENTO A LA PRODUCTIVIDAD PESQUERA Y ACUICOLA,FOMENTO AL CONSUMO,ACCIONES PARA FOMENTO AL CONSUMO,CAMPANAS INTEGRALES DE PROMOCION DE FOMENTO AL CONSUMO ,COMITE NACIONAL SISTEMA PRODUCTO PELAGICOS MENORES AC,CAMPAÑA,CAMPAÑA DE PROMOCIÓN Y FOMENTO AL CONSUMO DE LA SARDINA MEXICANA,2700000,1500000,SARDINA,NACIONAL,SIN ESPECIFICAR,NACIONAL,NA,NA,NA,NA,NA,MORAL,NA,NA,NA,No Disponible,FOMENTO AL CONSUMO,COMITE NACIONAL SISTEMA PRODUCTO PELAGICOS MENORES AC-XX-XX-XXXXXXXXX
2014,PROGRAMA DE FOMENTO A LA PRODUCTIVIDAD PESQUERA Y ACUICOLA,FOMENTO AL CONSUMO DE PRODUCTOS PESQUEROS Y ACUICOLAS,"EVENTOS Y FERIAS REGIONALES, NACIONALES E INTERNACIONALES","EVENTOS Y FERIAS REGIONALES, NACIONALES E INTERNACIONALES",PATRONATO DE BAJA SEAFOOD EXPO AC,EVENTO,BAJA SEAFOOD 2014,1000000,1000000,PESCADOS Y MARISCOS,ESTATAL,PACIFICO NORTE,BAJA CALIFORNIA,2,ENSENADA,2001,ENSENADA,20010001,MORAL,20010001,NA,NA,No Disponible,FOMENTO AL CONSUMO,PATRONATO DE BAJA SEAFOOD EXPO AC-XX-XX-020010001
2018,PROGRAMA DE FOMENTO A LA PRODUCTIVIDAD PESQUERA Y ACUICOLA,FOMENTO AL CONSUMO,ACCIONES PARA FOMENTO AL CONSUMO,"EVENTOS Y FERIAS REGIONALES, NACIONALES E INTERNACIONALES",CONSEJO MEXICANO DE PROMOCION DE LOS PRODUCTOS PESQUEROS Y ACUICOLAS AC,CAMPANA,CAMPAÑA INTEGRAL II DE PROMOCION DE FOMENTO AL CONSUMO DE PESCADOS Y MARISCOS MEXICANOS 2017,7000000,7000000,PESCADOS Y MARISCOS,NACIONAL Y REGIONAL,SIN ESPECIFICAR,NA,NA,NA,NA,NA,NA,MORAL,NA,NA,NA,No Disponible,FOMENTO AL CONSUMO,CONSEJO MEXICANO DE PROMOCION DE LOS PRODUCTOS PESQUEROS Y ACUICOLAS AC-XX-XX-XXXXXXXXX
2016,PROGRAMA DE FOMENTO A LA PRODUCTIVIDAD PESQUERA Y ACUICOLA,FOMENTO AL CONSUMO,FOMENTO AL CONSUMO,CAMPANAS INTEGRALES DE PROMOCION DE FOMENTO AL CONSUMO ,COMITE NACIONAL SISTEMA PRODUCTO PELAGICOS MENORES AC,CAMPANA,CAMPANA INTEGRAL I DE FOMENTO AL CONSUMO DE PESCADOS Y MARISCOS MEXICANOS 2016,7000000,7000000,PESCADOS Y MARISCOS,NACIONAL,SIN ESPECIFICAR,NA,NA,NA,NA,NA,NA,MORAL,NA,NA,NA,No Disponible,FOMENTO AL CONSUMO,COMITE NACIONAL SISTEMA PRODUCTO PELAGICOS MENORES AC-XX-XX-XXXXXXXXX
2019,PROGRAMA DE FOMENTO A LA PRODUCTIVIDAD PESQUERA Y ACUICOLA,FOMENTO AL CONSUMO,ACCIONES PARA FOMENTO AL CONSUMO,"EVENTOS Y FERIAS REGIONALES, NACIONALES E INTERNACIONALES",CONSEJO MEXICANO DE PROMOCION DE LOS PRODUCTOS PESQUEROS Y ACUICOLAS AC,EVENTO,EVENTO NACIONAL DE CUARESMA 2019,490000,400000,PESCADOS Y MARISCOS,ESTATAL,AGUAS INTERIORES,CIUDAD DE MEXICO,9,NA,9,NA,NA,MORAL,NA,NA,NA,No Disponible,FOMENTO AL CONSUMO,CONSEJO MEXICANO DE PROMOCION DE LOS PRODUCTOS PESQUEROS Y ACUICOLAS AC-XX-XX-09XXXX
2014,PROGRAMA DE FOMENTO A LA PRODUCTIVIDAD PESQUERA Y ACUICOLA,FOMENTO AL CONSUMO DE PRODUCTOS PESQUEROS Y ACUICOLAS,CAMPANAS INTEGRALES DE PROMOCION DE FOMENTO AL CONSUMO,ESTUDIO DE DIAGNOSTICO Y CONSUMO,CONSEJO MEXICANO DE PROMOCION DE LOS PRODUCTOS PESQUEROS Y ACUICOLAS AC,CAMPANA,CAMPANA INTEGRAL II DE PROMOCION DE FOMENTO AL CONSUMO DE PESCADOS Y MARISCOS MEXICANOS,25000000,25000000,PESCADOS Y MARISCOS,NACIONAL Y REGIONAL,SIN ESPECIFICAR,NA,NA,NA,NA,NA,NA,MORAL,NA,NA,NA,No Disponible,FOMENTO AL CONSUMO,CONSEJO MEXICANO DE PROMOCION DE LOS PRODUCTOS PESQUEROS Y ACUICOLAS AC-XX-XX-XXXXXXXXX
2018,PROGRAMA DE FOMENTO A LA PRODUCTIVIDAD PESQUERA Y ACUICOLA,FOMENTO AL CONSUMO,ACCIONES PARA FOMENTO AL CONSUMO,"EVENTOS Y FERIAS REGIONALES, NACIONALES E INTERNACIONALES",ASOCIACION DE PROFESIONALES DE LA TECNOLOGIA Y CIENCIAS DEL MAR AC,EVENTO,"SEGUNDO ENCUENTRO TECNOLOGÍCO PARA LA TRANSFORMACIÓN DE PRODUCTOS PESQUEROS Y ACUÍCOLAS""",4300000,4300000,PESCADOS Y MARISCOS,ESTATAL,PACIFICO NORTE,SINALOA,25,MAZATLAN,25012,MAZATLAN,250120001,MORAL,250120001,NA,NA,No Disponible,FOMENTO AL CONSUMO,ASOCIACION DE PROFESIONALES DE LA TECNOLOGIA Y CIENCIAS DEL MAR AC-XX-XX-250120001
2018,PROGRAMA DE FOMENTO A LA PRODUCTIVIDAD PESQUERA Y ACUICOLA,FOMENTO AL CONSUMO,ACCIONES PARA FOMENTO AL CONSUMO,"EVENTOS Y FERIAS REGIONALES, NACIONALES E INTERNACIONALES",KYSHA SERVICIOS DEL VALLE SA DE CV,EVENTO,SABORES DEL MAR,3950000,3950000,PESCADOS Y MARISCOS,ESTATAL,PACIFICO NORTE,SINALOA,25,MAZATLAN,25012,MAZATLAN,250120001,MORAL,250120001,NA,NA,No Disponible,FOMENTO AL CONSUMO,KYSHA SERVICIOS DEL VALLE SA DE CV-XX-XX-250120001
2019,PROGRAMA DE FOMENTO A LA PRODUCTIVIDAD PESQUERA Y ACUICOLA,FOMENTO AL CONSUMO,ACCIONES PARA FOMENTO AL CONSUMO,"EVENTOS Y FERIAS REGIONALES, NACIONALES E INTERNACIONALES",ESTRATEGIA GERENCIAL VILLALAZOS Y ASOCIADOS SC,EVENTO,1ER FORO GASTRONÓMICO DE PESCADOS Y MARISCOS DE LA PAZ,1480000,400000,PESCADOS Y MARISCOS,ESTATAL,PACIFICO NORTE,BAJA CALIFORNIA SUR,3,LA PAZ,3,LA PAZ,NA,MORAL,NA,NA,NA,No Disponible,FOMENTO AL CONSUMO,ESTRATEGIA GERENCIAL VILLALAZOS Y ASOCIADOS SC-XX-XX-03XXXX
2016,PROGRAMA DE FOMENTO A LA PRODUCTIVIDAD PESQUERA Y ACUICOLA,FOMENTO AL CONSUMO,FOMENTO AL CONSUMO,"DIFUSION. MATERIAL IMPRESO, DIGITAL Y AUDIOVISUAL, ASI COMO MATERIAL INFORMATIVO, DIDACTICO Y PUBLICITARIO",SISTEMA PRODUCTO RANA MICHOACAN AC,DIFUSION,DIFUSION DE LA MARCA COMERCIAL RANCAS,87810,87810,RANA,NACIONAL,PACIFICO SUR,MICHOACAN,16,MORELIA,16053,MORELIA,160530001,MORAL,160530001,NA,NA,No Disponible,FOMENTO AL CONSUMO,SISTEMA PRODUCTO RANA MICHOACAN AC-XX-XX-160530001
2018,PROGRAMA DE FOMENTO A LA PRODUCTIVIDAD PESQUERA Y ACUICOLA,FOMENTO AL CONSUMO,ACCIONES PARA FOMENTO AL CONSUMO,"EVENTOS Y FERIAS REGIONALES, NACIONALES E INTERNACIONALES",COOPEL AZCONA ASESORES SC,EVENTO,EXPO INNOVACIÓN ACUÍCOLA Y PESQUERA,1000000,1000000,PESCADOS Y MARISCOS,NACIONAL,PACIFICO NORTE,SINALOA,25,MAZATLAN,25012,MAZATLAN,250120001,MORAL,250120001,NA,NA,No Disponible,FOMENTO AL CONSUMO,COOPEL AZCONA ASESORES SC-XX-XX-250120001
2015,PROGRAMA DE FOMENTO A LA PRODUCTIVIDAD PESQUERA Y ACUICOLA,FOMENTO AL CONSUMO DE PRODUCTOS PESQUEROS Y ACUICOLAS,CAMPANAS INTEGRALES DE PROMOCION DE FOMENTO AL CONSUMO,ESTUDIO DE DIAGNOSTICO Y CONSUMO,COMITE NACIONAL SISTEMA PRODUCTO CAMARON DE ALTAMAR AC,CAMPANA,CAMPANA INREGRAL III DE PROMOCION DE FOMENTO AL CONSUMO DE PESCADOS Y MARISCOS MEXICANOS 2015,5000000,5000000,PESCADOS Y MARISCOS,NACIONAL Y REGIONAL,SIN ESPECIFICAR,NA,NA,NA,NA,NA,NA,MORAL,NA,NA,NA,No Disponible,FOMENTO AL CONSUMO,COMITE NACIONAL SISTEMA PRODUCTO CAMARON DE ALTAMAR AC-XX-XX-XXXXXXXXX
2015,PROGRAMA DE FOMENTO A LA PRODUCTIVIDAD PESQUERA Y ACUICOLA,FOMENTO AL CONSUMO DE PRODUCTOS PESQUEROS Y ACUICOLAS,"EVENTOS Y FERIAS REGIONALES, NACIONALES E INTERNACIONALES","EVENTOS Y FERIAS REGIONALES, NACIONALES E INTERNACIONALES",XCD DESARROLLADORA SA DE CV,EVENTO,EVENTO NACIONAL EXPO ANTAD 2015,850000,850000,PESCADOS Y MARISCOS,ESTATAL,PACIFICO SUR,JALISCO,14,GUADALAJARA,14039,GUADALAJARA,140390001,MORAL,140390001,NA,NA,No Disponible,FOMENTO AL CONSUMO,XCD DESARROLLADORA SA DE CV-XX-XX-140390001
2018,PROGRAMA DE FOMENTO A LA PRODUCTIVIDAD PESQUERA Y ACUICOLA,FOMENTO AL CONSUMO,ACCIONES PARA FOMENTO AL CONSUMO,"EVENTOS Y FERIAS REGIONALES, NACIONALES E INTERNACIONALES",CESAR ALEJANDRO VELASCO MACIAS,EVENTO,"ACUACULTURA Y PESCA, LA FORTALEZA DE MÉXICO   UNPAC-CNC",2500000,2500000,PESCADOS Y MARISCOS,ESTATAL,AGUAS INTERIORES,SAN LUIS POTOSI,24,SAN CIRO DE ACOSTA,24027,SAN CIRO DE ACOSTA,240270001,FISICA,240270001,NA,NA,No Disponible,FOMENTO AL CONSUMO,CESAR ALEJANDRO VELASCO MACIAS-XX-XX-240270001
2019,PROGRAMA DE FOMENTO A LA PRODUCTIVIDAD PESQUERA Y ACUICOLA,FOMENTO AL CONSUMO,ACCIONES PARA FOMENTO AL CONSUMO,"EVENTOS Y FERIAS REGIONALES, NACIONALES E INTERNACIONALES",CONSEJO NACIONAL OSTRICOLA AC,EVENTO,FESTIVAL DE LAS CONCHAS Y VINO NUEVO,1200000,700000,OSTION,ESTATAL,PACIFICO NORTE,BAJA CALIFORNIA,2,ENSENADA,2001,ENSENADA,NA,MORAL,NA,NA,NA,No Disponible,FOMENTO AL CONSUMO,CONSEJO NACIONAL OSTRICOLA AC-XX-XX-02001XXXX
2014,PROGRAMA DE FOMENTO A LA PRODUCTIVIDAD PESQUERA Y ACUICOLA,FOMENTO AL CONSUMO DE PRODUCTOS PESQUEROS Y ACUICOLAS,ESTUDIO DE DIAGNOSTICO Y CONSUMO,ESTUDIO DE DIAGNOSTICO Y CONSUMO,IPSOS BIMSA SA DE CV,ESTUDIO,ESTUDIO NACIONAL DE HABITOS Y CONSUMO DE PESCADOS Y MARISCOS PRODUCIDOS EN MEXICO,1999469,1999469,PESCADOS Y MARISCOS,NACIONAL,AGUAS INTERIORES,CIUDAD DE MEXICO,9,DEL. CUAJIMALPA DE MORELOS,9004,NA,NA,MORAL,NA,NA,NA,No Disponible,FOMENTO AL CONSUMO,IPSOS BIMSA SA DE CV-XX-XX-09004XXXX
2015,PROGRAMA DE FOMENTO A LA PRODUCTIVIDAD PESQUERA Y ACUICOLA,FOMENTO AL CONSUMO DE PRODUCTOS PESQUEROS Y ACUICOLAS,"EVENTOS Y FERIAS REGIONALES, NACIONALES E INTERNACIONALES","EVENTOS Y FERIAS REGIONALES, NACIONALES E INTERNACIONALES",SERVICIOS Y SOLUCIONES PARA EXPOSICIONES Y EVENTOS SA DE CV,EVENTO,PESCAMAR 2015,4000000,4000000,PESCADOS Y MARISCOS,ESTATAL,AGUAS INTERIORES,CIUDAD DE MEXICO,9,DEL. BENITO JUAREZ,9014,NA,NA,MORAL,NA,NA,NA,No Disponible,FOMENTO AL CONSUMO,SERVICIOS Y SOLUCIONES PARA EXPOSICIONES Y EVENTOS SA DE CV-XX-XX-09014XXXX
2016,PROGRAMA DE FOMENTO A LA PRODUCTIVIDAD PESQUERA Y ACUICOLA,FOMENTO AL CONSUMO,FOMENTO AL CONSUMO,"EVENTOS Y FERIAS REGIONALES, NACIONALES E INTERNACIONALES",CONSEJO MEXICANO DE PROMOCION DE LOS PRODUCTOS PESQUEROS Y ACUICOLAS AC,EVENTO,EVENTO NACIONAL DE CUARESMA 2016,1000000,1000000,PESCADOS Y MARISCOS,REGIONAL,SIN ESPECIFICAR,NA,NA,NA,NA,NA,NA,MORAL,NA,NA,NA,No Disponible,FOMENTO AL CONSUMO,CONSEJO MEXICANO DE PROMOCION DE LOS PRODUCTOS PESQUEROS Y ACUICOLAS AC-XX-XX-XXXXXXXXX
2015,PROGRAMA DE FOMENTO A LA PRODUCTIVIDAD PESQUERA Y ACUICOLA,FOMENTO AL CONSUMO DE PRODUCTOS PESQUEROS Y ACUICOLAS,"EVENTOS Y FERIAS REGIONALES, NACIONALES E INTERNACIONALES","EVENTOS Y FERIAS REGIONALES, NACIONALES E INTERNACIONALES",LIFESTYLE DESIGNERS DE RL,EVENTO,MERCADO DE PESCADOS Y MARISCOS MEXICANOS 2015,2288000,2288000,PESCADOS Y MARISCOS,REGIONAL,SIN ESPECIFICAR,NA,NA,NA,NA,NA,NA,MORAL,NA,NA,NA,No Disponible,FOMENTO AL CONSUMO,LIFESTYLE DESIGNERS DE RL-XX-XX-XXXXXXXXX
2016,PROGRAMA DE FOMENTO A LA PRODUCTIVIDAD PESQUERA Y ACUICOLA,FOMENTO AL CONSUMO,FOMENTO AL CONSUMO,"EVENTOS Y FERIAS REGIONALES, NACIONALES E INTERNACIONALES",EVENTOS SOCIALES Y GASTRONOMICOS DE LA PENA MELO SA DE CV,EVENTO,"EVENTO NACIONAL PARA LA PROMOCION DEL CONSUMO DE PESCADOS Y MARISCOS MEXICANOS, PABELLON PESQUERO Y ACUICOLA, DENTRO DEL EVENTO MEXICO ALIMENTARIA 2016, FOOD SHOW",4500000,4500000,PESCADOS Y MARISCOS,ESTATAL,PACIFICO SUR,OAXACA,20,OAXACA DE JUAREZ,20067,OAXACA DE JUAREZ,200670001,MORAL,200670001,NA,NA,No Disponible,FOMENTO AL CONSUMO,EVENTOS SOCIALES Y GASTRONOMICOS DE LA PENA MELO SA DE CV-XX-XX-200670001
2017,PROGRAMA DE FOMENTO A LA PRODUCTIVIDAD PESQUERA Y ACUICOLA,FOMENTO AL CONSUMO,ACCIONES PARA FOMENTO AL CONSUMO,"EVENTOS Y FERIAS REGIONALES, NACIONALES E INTERNACIONALES",PRODUCCIONES QUE DESPIERTAN SA DE CV,EVENTO,INFOGRAFIA DEL SECTOR PESQUERO Y ACUICOLA MEXICANO EN EL MARCO DE LA QUINTA CUMBRE MUNDIAL DE LOS OCEANOS,4500000,4500000,PESCADOS Y MARISCOS,ESTATAL,AGUAS INTERIORES,CIUDAD DE MEXICO,9,DEL. CUAUHTEMOC,9015,NA,NA,MORAL,NA,NA,NA,No Disponible,FOMENTO AL CONSUMO,PRODUCCIONES QUE DESPIERTAN SA DE CV-XX-XX-09015XXXX
2014,PROGRAMA DE FOMENTO A LA PRODUCTIVIDAD PESQUERA Y ACUICOLA,FOMENTO AL CONSUMO DE PRODUCTOS PESQUEROS Y ACUICOLAS,"EVENTOS Y FERIAS REGIONALES, NACIONALES E INTERNACIONALES","EVENTOS Y FERIAS REGIONALES, NACIONALES E INTERNACIONALES",PUBLICIDAD SILVA HERMANOS Y ASOCIADOS SA DE CV,EVENTO,EXPO CUMBRE,700000,700000,PESCADOS Y MARISCOS,ESTATAL,AGUAS INTERIORES,CIUDAD DE MEXICO,9,DEL. BENITO JUAREZ,9014,NA,NA,MORAL,NA,NA,NA,No Disponible,FOMENTO AL CONSUMO,PUBLICIDAD SILVA HERMANOS Y ASOCIADOS SA DE CV-XX-XX-09014XXXX
2017,PROGRAMA DE FOMENTO A LA PRODUCTIVIDAD PESQUERA Y ACUICOLA,FOMENTO AL CONSUMO,ACCIONES PARA FOMENTO AL CONSUMO,"EVENTOS Y FERIAS REGIONALES, NACIONALES E INTERNACIONALES",PATRONATO DE BAJA SEAFOOD EXPO AC,EVENTO,EXPOCOMERCIAL BAJA SEAFOOD EXPO,900000,900000,PESCADOS Y MARISCOS,ESTATAL,PACIFICO NORTE,BAJA CALIFORNIA,2,ENSENADA,2001,ENSENADA,20010001,MORAL,20010001,NA,NA,No Disponible,FOMENTO AL CONSUMO,PATRONATO DE BAJA SEAFOOD EXPO AC-XX-XX-020010001
2018,PROGRAMA DE FOMENTO A LA PRODUCTIVIDAD PESQUERA Y ACUICOLA,FOMENTO AL CONSUMO,ACCIONES PARA FOMENTO AL CONSUMO,"EVENTOS Y FERIAS REGIONALES, NACIONALES E INTERNACIONALES",CONSEJO MEXICANO DE PROMOCION DE LOS PRODUCTOS PESQUEROS Y ACUICOLAS AC,EVENTO,EVENTO NACIONAL DE CUARESMA 2018 (COMEPESCA),350000,350000,PESCADOS Y MARISCOS,NACIONAL Y REGIONAL,SIN ESPECIFICAR,NA,NA,NA,NA,NA,NA,MORAL,NA,NA,NA,No Disponible,FOMENTO AL CONSUMO,CONSEJO MEXICANO DE PROMOCION DE LOS PRODUCTOS PESQUEROS Y ACUICOLAS AC-XX-XX-XXXXXXXXX
2019,PROGRAMA DE FOMENTO A LA PRODUCTIVIDAD PESQUERA Y ACUICOLA,FOMENTO AL CONSUMO,ACCIONES PARA FOMENTO AL CONSUMO,"EVENTOS Y FERIAS REGIONALES, NACIONALES E INTERNACIONALES",NDC CONSULTING GROUP S DE RLDE CV,EVENTO,UNA AVENTURA MARINA 2019,1264923,260000,PESCADOS Y MARISCOS,ESTATAL,AGUAS INTERIORES,CIUDAD DE MEXICO,9,NA,9,NA,NA,MORAL,NA,NA,NA,No Disponible,FOMENTO AL CONSUMO,NDC CONSULTING GROUP S DE RLDE CV-XX-XX-09XXXX
2014,PROGRAMA DE FOMENTO A LA PRODUCTIVIDAD PESQUERA Y ACUICOLA,FOMENTO AL CONSUMO DE PRODUCTOS PESQUEROS Y ACUICOLAS,"EVENTOS Y FERIAS REGIONALES, NACIONALES E INTERNACIONALES","EVENTOS Y FERIAS REGIONALES, NACIONALES E INTERNACIONALES",COMITE SISTEMA PRODUCTO TILAPIA DE MEXICO AC,EVENTO,FERIA NACIONAL DE TILAPIA,714515,714515,TILAPIA,REGIONAL,SIN ESPECIFICAR,NA,NA,NA,NA,NA,NA,MORAL,NA,NA,NA,No Disponible,FOMENTO AL CONSUMO,COMITE SISTEMA PRODUCTO TILAPIA DE MEXICO AC-XX-XX-XXXXXXXXX
2014,PROGRAMA DE FOMENTO A LA PRODUCTIVIDAD PESQUERA Y ACUICOLA,FOMENTO AL CONSUMO DE PRODUCTOS PESQUEROS Y ACUICOLAS,"EVENTOS Y FERIAS REGIONALES, NACIONALES E INTERNACIONALES","EVENTOS Y FERIAS REGIONALES, NACIONALES E INTERNACIONALES",AQUAMAR INTERNACIONAL SA DE CV,EVENTO,FERIA NACIONAL CALAMAR 2014,1000000,1000000,CALAMAR,ESTATAL,AGUAS INTERIORES,CIUDAD DE MEXICO,9,DEL. CUAUHTEMOC,9015,NA,NA,MORAL,NA,NA,NA,No Disponible,FOMENTO AL CONSUMO,AQUAMAR INTERNACIONAL SA DE CV-XX-XX-09015XXXX
2019,PROGRAMA DE FOMENTO A LA PRODUCTIVIDAD PESQUERA Y ACUICOLA,FOMENTO AL CONSUMO,ACCIONES PARA FOMENTO AL CONSUMO,"EVENTOS Y FERIAS REGIONALES, NACIONALES E INTERNACIONALES",ACUACULTORES DE AHOME AC,EVENTO,CONGRESO DE ACUACULTURA DE CAMARÓN (CONACUA) 2019,1961300,500000,CAMARÓN,ESTATAL,PACIFICO NORTE,SINALOA,25,LOS MOCHIS,25,LOS MOCHIS,NA,MORAL,NA,NA,NA,No Disponible,FOMENTO AL CONSUMO,ACUACULTORES DE AHOME AC-XX-XX-25XXXX
2015,PROGRAMA DE FOMENTO A LA PRODUCTIVIDAD PESQUERA Y ACUICOLA,FOMENTO AL CONSUMO DE PRODUCTOS PESQUEROS Y ACUICOLAS,"EVENTOS Y FERIAS REGIONALES, NACIONALES E INTERNACIONALES","EVENTOS Y FERIAS REGIONALES, NACIONALES E INTERNACIONALES",ORGANIZACION Y PROYECTO DE EXPOSICIONES SA DE CV,EVENTO,EMISION DE UN BILLETE DE LOTERIA ALUSIVO AL SECTOR PESQUERO Y ACUICOLA DE MEXICO COMO GENERADOR DE ALIMENTOS NUTRITIVOS PARA LA POBLACION,800000,800000,PESCADOS Y MARISCOS,ESTATAL,AGUAS INTERIORES,CIUDAD DE MEXICO,9,DEL. ALVARO OBREGON,9010,NA,NA,MORAL,NA,NA,NA,No Disponible,FOMENTO AL CONSUMO,ORGANIZACION Y PROYECTO DE EXPOSICIONES SA DE CV-XX-XX-09010XXXX
2014,PROGRAMA DE FOMENTO A LA PRODUCTIVIDAD PESQUERA Y ACUICOLA,FOMENTO AL CONSUMO DE PRODUCTOS PESQUEROS Y ACUICOLAS,"EVENTOS Y FERIAS REGIONALES, NACIONALES E INTERNACIONALES","EVENTOS Y FERIAS REGIONALES, NACIONALES E INTERNACIONALES",ASOCIACION DE PRODUCTORES DE PECES DE ORNATO DEL ESTADO DE MORELOS AC,EVENTO,FERIA REGIONAL DE ACUARISMO MORELOS 2014,150000,150000,PESCADOS Y MARISCOS,ESTATAL,AGUAS INTERIORES,CIUDAD DE MEXICO,9,DEL. ALVARO OBREGON,9010,NA,NA,MORAL,NA,NA,NA,No Disponible,FOMENTO AL CONSUMO,ASOCIACION DE PRODUCTORES DE PECES DE ORNATO DEL ESTADO DE MORELOS AC-XX-XX-09010XXXX
2015,PROGRAMA DE FOMENTO A LA PRODUCTIVIDAD PESQUERA Y ACUICOLA,FOMENTO AL CONSUMO DE PRODUCTOS PESQUEROS Y ACUICOLAS,"EVENTOS Y FERIAS REGIONALES, NACIONALES E INTERNACIONALES","EVENTOS Y FERIAS REGIONALES, NACIONALES E INTERNACIONALES",DESIGN PUBLICATIONS SA DE CV,EVENTO,"LA SUSTENTABILIDAD EN EL CONSUMO DE PESCADOS Y MARISCOS, UN IMPULSO PARA LA PRESENCIA EN EL MERCADO MEXICANO, DENTRO DEL EVENTO DEL 10° FORO INTERNACIONAL DE ACUICULTURA ",1500000,1500000,PESCADOS Y MARISCOS,ESTATAL,PACIFICO SUR,JALISCO,14,ZAPOPAN,14120,ZAPOPAN,141200001,MORAL,141200001,NA,NA,No Disponible,FOMENTO AL CONSUMO,DESIGN PUBLICATIONS SA DE CV-XX-XX-141200001
2018,PROGRAMA DE FOMENTO A LA PRODUCTIVIDAD PESQUERA Y ACUICOLA,FOMENTO AL CONSUMO,ACCIONES PARA FOMENTO AL CONSUMO,"EVENTOS Y FERIAS REGIONALES, NACIONALES E INTERNACIONALES",AQUAMAR INTERNACIONAL SA DE CV,EVENTO,"AQUAFEST 2017, DELICIAS DEL MAR",1500000,1500000,PESCADOS Y MARISCOS,NACIONAL,AGUAS INTERIORES,CIUDAD DE MEXICO,9,DEL. CUAUHTEMOC,9015,NA,NA,MORAL,NA,NA,NA,No Disponible,FOMENTO AL CONSUMO,AQUAMAR INTERNACIONAL SA DE CV-XX-XX-09015XXXX
2015,PROGRAMA DE FOMENTO A LA PRODUCTIVIDAD PESQUERA Y ACUICOLA,FOMENTO AL CONSUMO DE PRODUCTOS PESQUEROS Y ACUICOLAS,"EVENTOS Y FERIAS REGIONALES, NACIONALES E INTERNACIONALES","EVENTOS Y FERIAS REGIONALES, NACIONALES E INTERNACIONALES",CONSEJO MEXICANO DE PROMOCION DE LOS PRODUCTOS PESQUEROS Y ACUICOLAS AC,EVENTO,EVENTO NACIONAL DE CUARESMA 2015,1500000,1500000,PESCADOS Y MARISCOS,REGIONAL,SIN ESPECIFICAR,NA,NA,NA,NA,NA,NA,MORAL,NA,NA,NA,No Disponible,FOMENTO AL CONSUMO,CONSEJO MEXICANO DE PROMOCION DE LOS PRODUCTOS PESQUEROS Y ACUICOLAS AC-XX-XX-XXXXXXXXX
2019,PROGRAMA DE FOMENTO A LA PRODUCTIVIDAD PESQUERA Y ACUICOLA,FOMENTO AL CONSUMO,ACCIONES PARA FOMENTO AL CONSUMO,"EVENTOS Y FERIAS REGIONALES, NACIONALES E INTERNACIONALES",DESIGN PUBLICATIONS SA DE CV,EVENTO,ODS: VIDA SUBMARINA ACUICULTURA SOSTENIBLE PARA DISMINUIR LA PRESIÓN SOBRE LOS RECURSOS PESQUEROS DENTRO DEL MARCO DEL 14° FORO INTERNACIONAL DE ACUICULTURA,1500000,750000,PESCADOS Y MARISCOS,ESTATAL,PACIFICO NORTE,SINALOA,25,MAZATLAN,25012,MAZATLAN,NA,MORAL,NA,NA,NA,No Disponible,FOMENTO AL CONSUMO,DESIGN PUBLICATIONS SA DE CV-XX-XX-25012XXXX
2015,PROGRAMA DE FOMENTO A LA PRODUCTIVIDAD PESQUERA Y ACUICOLA,FOMENTO AL CONSUMO DE PRODUCTOS PESQUEROS Y ACUICOLAS,ESTUDIOS DE MERCADO Y MONITOREO DE CONSUMO,ESTUDIO DE DIAGNOSTICO Y CONSUMO,TECNOLOGIA Y PLANEACION PARA EL DESARROLLO SUSTENTABLE SA DE CV,ESTUDIO,"FOMENTO AL CONSUMO DE PESCADOS Y MARISCOS EN NINOS EN EDAD ESCOLAR, INTEGRANTES DE FAMILIAS INSCRITAS EN EL PROGRAMA PROSPERA EN ZAPOPAN, JALISCO",1000000,1000000,PESCADOS Y MARISCOS,REGIONAL,PACIFICO SUR,JALISCO,14,ZAPOPAN,14120,ZAPOPAN,141200001,MORAL,141200001,NA,NA,No Disponible,FOMENTO AL CONSUMO,TECNOLOGIA Y PLANEACION PARA EL DESARROLLO SUSTENTABLE SA DE CV-XX-XX-141200001
2019,PROGRAMA DE FOMENTO A LA PRODUCTIVIDAD PESQUERA Y ACUICOLA,FOMENTO AL CONSUMO,ACCIONES PARA FOMENTO AL CONSUMO,"EVENTOS Y FERIAS REGIONALES, NACIONALES E INTERNACIONALES",PATRONATO BAJA SEAFOOD EXPO AC,EVENTO,"DESARROLLO INTEGRAL DEL MERCADO NACIONAL PARA LOS PRODUCTOS PESQUEROS Y ACUICOLA DE BAJA CALIFORNIA, FOMENTO AL CONSUMO DE NUESTROS PESCADOS Y MARISCOS MEDIANTE DOS FESTIVALES GASTRONÓMICOS EN EL SURESTE Y CENTRO DEL PAÍS",700000,500000,PESCADOS Y MARISCOS,ESTATAL,PACIFICO NORTE,BAJA CALIFORNIA,2,NA,2,NA,NA,MORAL,NA,NA,NA,No Disponible,FOMENTO AL CONSUMO,PATRONATO BAJA SEAFOOD EXPO AC-XX-XX-02XXXX
2018,PROGRAMA DE FOMENTO A LA PRODUCTIVIDAD PESQUERA Y ACUICOLA,FOMENTO AL CONSUMO,ACCIONES PARA FOMENTO AL CONSUMO,"EVENTOS Y FERIAS REGIONALES, NACIONALES E INTERNACIONALES",SERVICIOS Y SOLUCIONES PARA EXPOSICIONES Y EVENTOS SA DE CV,EVENTO,PESCAMAR 12° EDICION,4500000,4500000,PESCADOS Y MARISCOS,NACIONAL,AGUAS INTERIORES,CIUDAD DE MEXICO,9,DEL. CUAUHTEMOC,9015,NA,NA,MORAL,NA,NA,NA,No Disponible,FOMENTO AL CONSUMO,SERVICIOS Y SOLUCIONES PARA EXPOSICIONES Y EVENTOS SA DE CV-XX-XX-09015XXXX
2018,PROGRAMA DE FOMENTO A LA PRODUCTIVIDAD PESQUERA Y ACUICOLA,FOMENTO AL CONSUMO,ACCIONES PARA FOMENTO AL CONSUMO,"EVENTOS Y FERIAS REGIONALES, NACIONALES E INTERNACIONALES",ACUACULTURA INTEGRAL DE BAJA CALIFORNIA SA DE CV,EVENTO,FESTIVAL DE LAS CONCHAS Y EL VINO NUEVO 2018,1200000,1200000,PESCADOS Y MARISCOS,ESTATAL,PACIFICO NORTE,BAJA CALIFORNIA,2,ENSENADA,2001,ENSENADA,20010001,MORAL,20010001,NA,NA,No Disponible,FOMENTO AL CONSUMO,ACUACULTURA INTEGRAL DE BAJA CALIFORNIA SA DE CV-XX-XX-020010001
2017,PROGRAMA DE FOMENTO A LA PRODUCTIVIDAD PESQUERA Y ACUICOLA,FOMENTO AL CONSUMO,ACCIONES PARA FOMENTO AL CONSUMO,"EVENTOS Y FERIAS REGIONALES, NACIONALES E INTERNACIONALES",NDC CONSULTING SRL DE CV,EVENTO,UNA AVENTURA MARINA 2017,500000,500000,PESCADOS Y MARISCOS,ESTATAL,AGUAS INTERIORES,CIUDAD DE MEXICO,9,DEL. MIGUEL HIDALGO,9016,NA,NA,MORAL,NA,NA,NA,No Disponible,FOMENTO AL CONSUMO,NDC CONSULTING SRL DE CV-XX-XX-09016XXXX
2014,PROGRAMA DE FOMENTO A LA PRODUCTIVIDAD PESQUERA Y ACUICOLA,FOMENTO AL CONSUMO DE PRODUCTOS PESQUEROS Y ACUICOLAS,CAMPANAS INTEGRALES DE PROMOCION DE FOMENTO AL CONSUMO,ESTUDIO DE DIAGNOSTICO Y CONSUMO,COMITE NACIONAL SISTEMA PRODUCTO PELAGICOS MENORES AC,CAMPANA,CAMAPANA INTEGRAL I DE PROMOCION DE FOMENTO AL CONSUMO DE PESCADOS Y MARISCOS MEXICANOS,30000000,30000000,PESCADOS Y MARISCOS,NACIONAL Y REGIONAL,SIN ESPECIFICAR,NA,NA,NA,NA,NA,NA,MORAL,NA,NA,NA,No Disponible,FOMENTO AL CONSUMO,COMITE NACIONAL SISTEMA PRODUCTO PELAGICOS MENORES AC-XX-XX-XXXXXXXXX
2018,PROGRAMA DE FOMENTO A LA PRODUCTIVIDAD PESQUERA Y ACUICOLA,FOMENTO AL CONSUMO,ACCIONES PARA FOMENTO AL CONSUMO,"EVENTOS Y FERIAS REGIONALES, NACIONALES E INTERNACIONALES",GRUPO PENTANO SA DE CV,EVENTO,FESTIVAL DELICIAS DEL MAR,3000000,3000000,PESCADOS Y MARISCOS,NACIONAL,AGUAS INTERIORES,CIUDAD DE MEXICO,9,DEL. CUAUHTEMOC,9015,NA,NA,MORAL,NA,NA,NA,No Disponible,FOMENTO AL CONSUMO,GRUPO PENTANO SA DE CV-XX-XX-09015XXXX
2014,PROGRAMA DE FOMENTO A LA PRODUCTIVIDAD PESQUERA Y ACUICOLA,FOMENTO AL CONSUMO DE PRODUCTOS PESQUEROS Y ACUICOLAS,"EVENTOS Y FERIAS REGIONALES, NACIONALES E INTERNACIONALES","EVENTOS Y FERIAS REGIONALES, NACIONALES E INTERNACIONALES",ASOCIACION ESPECIES PRODUCTO TRUCHA PARA EL ESTADO DE PUEBLA AC,EVENTO,FERIA NACIONAL DE TRUCHA 2014,400000,400000,TRUCHA,REGIONAL,AGUAS INTERIORES,PUEBLA,21,PUEBLA,21114,HEROICA PUEBLA DE ZARAGOZA,211140001,MORAL,211140001,NA,NA,No Disponible,FOMENTO AL CONSUMO,ASOCIACION ESPECIES PRODUCTO TRUCHA PARA EL ESTADO DE PUEBLA AC-XX-XX-211140001
2017,PROGRAMA DE FOMENTO A LA PRODUCTIVIDAD PESQUERA Y ACUICOLA,FOMENTO AL CONSUMO,ACCIONES PARA FOMENTO AL CONSUMO,"EVENTOS Y FERIAS REGIONALES, NACIONALES E INTERNACIONALES",ASOCIACION NACIONAL DE TIENDAS DE AUTOSERVICIO Y DEPARTAMENTALES,EVENTO,EVENTO NACIONAL EXPO ANTAD 2017,426068,426068,PESCADOS Y MARISCOS,ESTATAL,PACIFICO SUR,JALISCO,14,GUADALAJARA,14039,GUADALAJARA,140390001,MORAL,140390001,NA,NA,No Disponible,FOMENTO AL CONSUMO,ASOCIACION NACIONAL DE TIENDAS DE AUTOSERVICIO Y DEPARTAMENTALES-XX-XX-140390001
2014,PROGRAMA DE FOMENTO A LA PRODUCTIVIDAD PESQUERA Y ACUICOLA,FOMENTO AL CONSUMO DE PRODUCTOS PESQUEROS Y ACUICOLAS,ESTUDIO DE DIAGNOSTICO Y CONSUMO,ESTUDIO DE DIAGNOSTICO Y CONSUMO,DATOS Y CAFE SC,ESTUDIO,ESTUDIO DE MERCADO PARA EVALUAR CUALITATIVA Y CAUNTITATIVAMENTE LAS CAMPANAS DE PROMOCION DE FOMENTO AL CONSUMO DE PESCADOS Y MARISCOS MEXICANOS,1600000,1600000,PESCADOS Y MARISCOS,NACIONAL,AGUAS INTERIORES,CIUDAD DE MEXICO,9,DEL. CUAUHTEMOC,9015,NA,NA,MORAL,NA,NA,NA,No Disponible,FOMENTO AL CONSUMO,DATOS Y CAFE SC-XX-XX-09015XXXX
2016,PROGRAMA DE FOMENTO A LA PRODUCTIVIDAD PESQUERA Y ACUICOLA,FOMENTO AL CONSUMO,FOMENTO AL CONSUMO,CAMPANAS INTEGRALES DE PROMOCION DE FOMENTO AL CONSUMO ,CONSEJO MEXICANO DE PROMOCION DE LOS PRODUCTOS PESQUEROS Y ACUICOLAS AC,CAMPANA,CAMPANA INTEGRAL II DE FOMENTO AL CONSUMO DE PESCADOS Y MARISCOS MEXICANOS 2016,6000000,6000000,PESCADOS Y MARISCOS,NACIONAL,SIN ESPECIFICAR,NA,NA,NA,NA,NA,NA,MORAL,NA,NA,NA,No Disponible,FOMENTO AL CONSUMO,CONSEJO MEXICANO DE PROMOCION DE LOS PRODUCTOS PESQUEROS Y ACUICOLAS AC-XX-XX-XXXXXXXXX
2016,PROGRAMA DE FOMENTO A LA PRODUCTIVIDAD PESQUERA Y ACUICOLA,FOMENTO AL CONSUMO,FOMENTO AL CONSUMO,"EVENTOS Y FERIAS REGIONALES, NACIONALES E INTERNACIONALES",ADMINISTRADORA DE EVENTOS SOCIALES BORDER NEW SA DE CV,EVENTO,EXPOSICIONES DEL SECTOR PESQUERO Y ACUICOLA,4500000,4500000,PESCADOS Y MARISCOS,REGIONAL,SIN ESPECIFICAR,NA,NA,NA,NA,NA,NA,MORAL,NA,NA,NA,No Disponible,FOMENTO AL CONSUMO,ADMINISTRADORA DE EVENTOS SOCIALES BORDER NEW SA DE CV-XX-XX-XXXXXXXXX
2019,PROGRAMA DE FOMENTO A LA PRODUCTIVIDAD PESQUERA Y ACUICOLA,FOMENTO AL CONSUMO,ACCIONES PARA FOMENTO AL CONSUMO,"EVENTOS Y FERIAS REGIONALES, NACIONALES E INTERNACIONALES",CSP PELAGICOS MENORES DE BAJA CALIFORNIA AC,EVENTO,FESTIVAL DE LA SARDINA Y LA ANCHOVETA,300000,200000,SARDINA,ESTATAL,PACIFICO NORTE,BAJA CALIFORNIA,2,ENSENADA,2001,ENSENADA,NA,MORAL,NA,NA,NA,No Disponible,FOMENTO AL CONSUMO,CSP PELAGICOS MENORES DE BAJA CALIFORNIA AC-XX-XX-02001XXXX
2018,PROGRAMA DE FOMENTO A LA PRODUCTIVIDAD PESQUERA Y ACUICOLA,FOMENTO AL CONSUMO,ACCIONES PARA FOMENTO AL CONSUMO,"EVENTOS Y FERIAS REGIONALES, NACIONALES E INTERNACIONALES",CONSEJO MEXICANO DE PROMOCION DE LOS PRODUCTOS PESQUEROS Y ACUICOLAS AC,CAMPANA,CONTINUACIÓN DE LA CAMPAÑA INTEGRAL II DE PROMOCION DE FOMENTO AL CONSUMO DE PESCADOS Y MARISCOS MEXICANOS 2018,7000000,7000000,PESCADOS Y MARISCOS,NACIONAL Y REGIONAL,SIN ESPECIFICAR,NA,NA,NA,NA,NA,NA,MORAL,NA,NA,NA,No Disponible,FOMENTO AL CONSUMO,CONSEJO MEXICANO DE PROMOCION DE LOS PRODUCTOS PESQUEROS Y ACUICOLAS AC-XX-XX-XXXXXXXXX
2016,PROGRAMA DE FOMENTO A LA PRODUCTIVIDAD PESQUERA Y ACUICOLA,FOMENTO AL CONSUMO,FOMENTO AL CONSUMO,"EVENTOS Y FERIAS REGIONALES, NACIONALES E INTERNACIONALES",UNION NACIONAL DE PESCA Y ACUACULTURA DE LA CONFEDERACION NACIONAL CAMPESINA AC,EVENTO,"LA MARCA COLECTIVA CENECISTA, LA HERRAMIENTA PARA INCENTIVAR LA DEMANDA Y DETONAR LA COMERCIALIZACION CON VALOR AGREGADO DE LOS PRODUCTOS ACUICOLAS Y PESQUEROS DEL SECTOR SOCIAL DE MEXICO, EN EL MARCO DEL 3ER FAP-UNPAC-CNC 2016",2600000,2600000,PESCADOS Y MARISCOS,ESTATAL,CARIBE,CAMPECHE,4,CAMPECHE,4002,SAN FRANCISCO DE CAMPECHE,40020001,MORAL,40020001,NA,NA,No Disponible,FOMENTO AL CONSUMO,UNION NACIONAL DE PESCA Y ACUACULTURA DE LA CONFEDERACION NACIONAL CAMPESINA AC-XX-XX-040020001
2019,PROGRAMA DE FOMENTO A LA PRODUCTIVIDAD PESQUERA Y ACUICOLA,FOMENTO AL CONSUMO,ACCIONES PARA FOMENTO AL CONSUMO,"EVENTOS Y FERIAS REGIONALES, NACIONALES E INTERNACIONALES",GUILLERMO CEVALLOS HEMKE,EVENTO,EXPO INNOVACIÓN 2019,1500000,850000,PESCADOS Y MARISCOS,ESTATAL,PACIFICO NORTE,SINALOA,25,MAZATLAN,25012,MAZATLAN,NA,FISICA,NA,NA,NA,No Disponible,FOMENTO AL CONSUMO,GUILLERMO CEVALLOS HEMKE-XX-XX-25012XXXX
2017,PROGRAMA DE FOMENTO A LA PRODUCTIVIDAD PESQUERA Y ACUICOLA,FOMENTO AL CONSUMO,ACCIONES PARA FOMENTO AL CONSUMO,"EVENTOS Y FERIAS REGIONALES, NACIONALES E INTERNACIONALES",ACUACULTURA INTEGRAL DE BAJA CALIFORNIA SA DE CV,EVENTO,FESTIVAL DE LAS CONCHAS Y VINO NUEVO 2017,539941,539941,PESCADOS Y MARISCOS,ESTATAL,PACIFICO NORTE,BAJA CALIFORNIA,2,ENSENADA,2001,ENSENADA,20010001,MORAL,20010001,NA,NA,No Disponible,FOMENTO AL CONSUMO,ACUACULTURA INTEGRAL DE BAJA CALIFORNIA SA DE CV-XX-XX-020010001
2014,PROGRAMA DE FOMENTO A LA PRODUCTIVIDAD PESQUERA Y ACUICOLA,FOMENTO AL CONSUMO DE PRODUCTOS PESQUEROS Y ACUICOLAS,"EVENTOS Y FERIAS REGIONALES, NACIONALES E INTERNACIONALES","EVENTOS Y FERIAS REGIONALES, NACIONALES E INTERNACIONALES",XCD DESARROLLADORA SA DE CV,EVENTO,EXPO ANTAD,799344,799344,PESCADOS Y MARISCOS,ESTATAL,AGUAS INTERIORES,CIUDAD DE MEXICO,9,DEL. MIGUEL HIDALGO,9016,NA,NA,MORAL,NA,NA,NA,No Disponible,FOMENTO AL CONSUMO,XCD DESARROLLADORA SA DE CV-XX-XX-09016XXXX
2014,PROGRAMA DE FOMENTO A LA PRODUCTIVIDAD PESQUERA Y ACUICOLA,FOMENTO AL CONSUMO DE PRODUCTOS PESQUEROS Y ACUICOLAS,"EVENTOS Y FERIAS REGIONALES, NACIONALES E INTERNACIONALES","EVENTOS Y FERIAS REGIONALES, NACIONALES E INTERNACIONALES",COLECTIVIDAD RAZONATURA AC,EVENTO,FERIA GASTRONOMICA LABORATORIO DEL GUSTO,100000,100000,PESCADOS Y MARISCOS,ESTATAL,AGUAS INTERIORES,CIUDAD DE MEXICO,9,DEL. CUAUHTEMOC,9015,NA,NA,MORAL,NA,NA,NA,No Disponible,FOMENTO AL CONSUMO,COLECTIVIDAD RAZONATURA AC-XX-XX-09015XXXX
2014,PROGRAMA DE FOMENTO A LA PRODUCTIVIDAD PESQUERA Y ACUICOLA,FOMENTO AL CONSUMO DE PRODUCTOS PESQUEROS Y ACUICOLAS,ESTUDIO DE DIAGNOSTICO Y CONSUMO,ESTUDIO DE DIAGNOSTICO Y CONSUMO,COMITE HIDALGUENSE SISTEMA PRODUCTO TRUCHA AC,ESTUDIO,"ESTUDIO PARA LA IDENTIFICACION Y ESTABLECIMIENTO DE PUNTOS DE VENTA DE PESCADOS Y MARISCOS, Y PROPUESTA DE UNA ESTRATEGIA INTEGRAL DE PROMOCION AL CONSUMO EN LA REGION SUR-SURESTE",2000000,2000000,PESCADOS Y MARISCOS,NACIONAL,AGUAS INTERIORES,HIDALGO,13,TULANCINGO DE BRAVO,13077,TULANCINGO,130770001,MORAL,130770001,NA,NA,No Disponible,FOMENTO AL CONSUMO,COMITE HIDALGUENSE SISTEMA PRODUCTO TRUCHA AC-XX-XX-130770001
2014,PROGRAMA DE FOMENTO A LA PRODUCTIVIDAD PESQUERA Y ACUICOLA,FOMENTO AL CONSUMO DE PRODUCTOS PESQUEROS Y ACUICOLAS,"EVENTOS Y FERIAS REGIONALES, NACIONALES E INTERNACIONALES","EVENTOS Y FERIAS REGIONALES, NACIONALES E INTERNACIONALES",COMITE NACIONAL SISTEMA PRODUCTO CALAMAR GIGANTE AC,EVENTO,SEGUNDA FERIA NACIONAL CALAMAR 2014,150000,150000,CALAMAR,ESTATAL,AGUAS INTERIORES,CIUDAD DE MEXICO,9,DEL. ALVARO OBREGON,9010,NA,NA,MORAL,NA,NA,NA,No Disponible,FOMENTO AL CONSUMO,COMITE NACIONAL SISTEMA PRODUCTO CALAMAR GIGANTE AC-XX-XX-09010XXXX
2015,PROGRAMA DE FOMENTO A LA PRODUCTIVIDAD PESQUERA Y ACUICOLA,FOMENTO AL CONSUMO DE PRODUCTOS PESQUEROS Y ACUICOLAS,"EVENTOS Y FERIAS REGIONALES, NACIONALES E INTERNACIONALES","EVENTOS Y FERIAS REGIONALES, NACIONALES E INTERNACIONALES",PATRONATO DE AGROBAJA AC,EVENTO,EVENTO NACIONAL AGROBAJA 2015,1000000,1000000,PESCADOS Y MARISCOS,ESTATAL,PACIFICO NORTE,BAJA CALIFORNIA,2,MEXICALI,2002,MEXICALI,20020001,MORAL,20020001,NA,NA,No Disponible,FOMENTO AL CONSUMO,PATRONATO DE AGROBAJA AC-XX-XX-020020001
2017,PROGRAMA DE FOMENTO A LA PRODUCTIVIDAD PESQUERA Y ACUICOLA,FOMENTO AL CONSUMO,ACCIONES PARA FOMENTO AL CONSUMO,"EVENTOS Y FERIAS REGIONALES, NACIONALES E INTERNACIONALES",PUNTOS CLAVE EN NEGOCIOS URBANOS SA DE CV,EVENTO,EXPOSICION DE LOS MARES DE MEXICO,4500000,4500000,PESCADOS Y MARISCOS,ESTATAL,SIN ESPECIFICAR,NA,NA,NA,NA,NA,NA,MORAL,NA,NA,NA,No Disponible,FOMENTO AL CONSUMO,PUNTOS CLAVE EN NEGOCIOS URBANOS SA DE CV-XX-XX-XXXXXXXXX
2019,PROGRAMA DE FOMENTO A LA PRODUCTIVIDAD PESQUERA Y ACUICOLA,FOMENTO AL CONSUMO,ACCIONES PARA FOMENTO AL CONSUMO,CAMPANAS INTEGRALES DE PROMOCION DE FOMENTO AL CONSUMO ,PESCA CON VALOR AC,CAMPAÑA,CAMPAÑA DE PROMOCIÓN DE PRODUCTOS PESQUEROS CON EL SELLO DE CALIDAD PESCA CON VALOR,3600000,1000000,PESCADOS Y MARISCOS,NACIONAL,SIN ESPECIFICAR,NACIONAL,NA,NA,NA,NA,NA,MORAL,NA,NA,NA,No Disponible,FOMENTO AL CONSUMO,PESCA CON VALOR AC-XX-XX-XXXXXXXXX
2019,PROGRAMA DE FOMENTO A LA PRODUCTIVIDAD PESQUERA Y ACUICOLA,FOMENTO AL CONSUMO,ACCIONES PARA FOMENTO AL CONSUMO,"EVENTOS Y FERIAS REGIONALES, NACIONALES E INTERNACIONALES",SOCIEDAD COOPERATIVA DE PRODUCCION PESQUERA EJIDO BOCA DE ARROYO SCL,EVENTO,"1ERA FERIA DE LA TILAPIA CHOIX, SINALOA",375000,300000,TILAPIA,ESTATAL,PACIFICO NORTE,SINALOA,25,CHOIX,25,CHOIX,NA,MORAL,NA,NA,NA,No Disponible,FOMENTO AL CONSUMO,SOCIEDAD COOPERATIVA DE PRODUCCION PESQUERA EJIDO BOCA DE ARROYO SCL-XX-XX-25XXXX
2018,PROGRAMA DE FOMENTO A LA PRODUCTIVIDAD PESQUERA Y ACUICOLA,FOMENTO AL CONSUMO,ACCIONES PARA FOMENTO AL CONSUMO,"EVENTOS Y FERIAS REGIONALES, NACIONALES E INTERNACIONALES",DESIGN PUBLICATIONS SA DE CV,EVENTO,13° FORO INTERNACIONAL DE ACUICULTURA,2000000,2000000,PESCADOS Y MARISCOS,NACIONAL,PACIFICO SUR,JALISCO,14,GUADALAJARA,14039,GUADALAJARA,140390001,MORAL,140390001,NA,NA,No Disponible,FOMENTO AL CONSUMO,DESIGN PUBLICATIONS SA DE CV-XX-XX-140390001
2017,PROGRAMA DE FOMENTO A LA PRODUCTIVIDAD PESQUERA Y ACUICOLA,FOMENTO AL CONSUMO,ACCIONES PARA FOMENTO AL CONSUMO,"EVENTOS Y FERIAS REGIONALES, NACIONALES E INTERNACIONALES",CONSEJO MEXICANO DE PROMOCION DE LOS PRODUCTOS PESQUEROS Y ACUICOLAS AC,EVENTO,EVENTO NACIONAL DE CUARESMA 2017,1000000,1000000,PESCADOS Y MARISCOS,ESTATAL,AGUAS INTERIORES,CIUDAD DE MEXICO,9,DEL. BENITO JUAREZ,9014,NA,NA,MORAL,NA,NA,NA,No Disponible,FOMENTO AL CONSUMO,CONSEJO MEXICANO DE PROMOCION DE LOS PRODUCTOS PESQUEROS Y ACUICOLAS AC-XX-XX-09014XXXX
2014,PROGRAMA DE FOMENTO A LA PRODUCTIVIDAD PESQUERA Y ACUICOLA,FOMENTO AL CONSUMO DE PRODUCTOS PESQUEROS Y ACUICOLAS,"EVENTOS Y FERIAS REGIONALES, NACIONALES E INTERNACIONALES","EVENTOS Y FERIAS REGIONALES, NACIONALES E INTERNACIONALES",CONSEJO NACIONAL OSTRICOLA AC,EVENTO,FERIA NACIONAL DE OSTION,200000,200000,OSTION,REGIONAL,PACIFICO NORTE,BAJA CALIFORNIA,2,ENSENADA,2001,ENSENADA,20010001,MORAL,20010001,NA,NA,No Disponible,FOMENTO AL CONSUMO,CONSEJO NACIONAL OSTRICOLA AC-XX-XX-020010001
2016,PROGRAMA DE FOMENTO A LA PRODUCTIVIDAD PESQUERA Y ACUICOLA,FOMENTO AL CONSUMO,FOMENTO AL CONSUMO,"EVENTOS Y FERIAS REGIONALES, NACIONALES E INTERNACIONALES",AQUAMAR INTERNACIONAL SA DE CV,EVENTO,"AQUAMAR 2016, EN EL MARCO DE LA XIV EDICION DE AQUAMAR INTERNACIONAL",250000,250000,PESCADOS Y MARISCOS,ESTATAL,PACIFICO NORTE,SINALOA,25,MAZATLAN,25012,MAZATLAN,250120001,MORAL,250120001,NA,NA,No Disponible,FOMENTO AL CONSUMO,AQUAMAR INTERNACIONAL SA DE CV-XX-XX-250120001
2014,PROGRAMA DE FOMENTO A LA PRODUCTIVIDAD PESQUERA Y ACUICOLA,FOMENTO AL CONSUMO DE PRODUCTOS PESQUEROS Y ACUICOLAS,"EVENTOS Y FERIAS REGIONALES, NACIONALES E INTERNACIONALES","EVENTOS Y FERIAS REGIONALES, NACIONALES E INTERNACIONALES",BARRO ARAGON Y DOMENECH SA DE CV,EVENTO,ISLA DEL SABOR,800000,800000,PESCADOS Y MARISCOS,ESTATAL,AGUAS INTERIORES,CIUDAD DE MEXICO,9,DEL. MIGUEL HIDALGO,9016,NA,NA,MORAL,NA,NA,NA,No Disponible,FOMENTO AL CONSUMO,BARRO ARAGON Y DOMENECH SA DE CV-XX-XX-09016XXXX
2014,PROGRAMA DE FOMENTO A LA PRODUCTIVIDAD PESQUERA Y ACUICOLA,FOMENTO AL CONSUMO DE PRODUCTOS PESQUEROS Y ACUICOLAS,"EVENTOS Y FERIAS REGIONALES, NACIONALES E INTERNACIONALES","EVENTOS Y FERIAS REGIONALES, NACIONALES E INTERNACIONALES",CAMARA NACIONAL DE LA INDUSTRIA DE TRANSFORMACION,EVENTO,EN MAR,170000,170000,PESCADOS Y MARISCOS,ESTATAL,PACIFICO NORTE,SINALOA,25,MAZATLAN,25012,MAZATLAN,250120001,MORAL,250120001,NA,NA,No Disponible,FOMENTO AL CONSUMO,CAMARA NACIONAL DE LA INDUSTRIA DE TRANSFORMACION-XX-XX-250120001
2015,PROGRAMA DE FOMENTO A LA PRODUCTIVIDAD PESQUERA Y ACUICOLA,FOMENTO AL CONSUMO DE PRODUCTOS PESQUEROS Y ACUICOLAS,ESTUDIOS DE MERCADO Y MONITOREO DE CONSUMO,ESTUDIO DE DIAGNOSTICO Y CONSUMO,ESFERA SOCIAL SC,ESTUDIO,MEDICION DE FRECUENCIA DE CONSUMO DE PESCADOS Y MARISCOS Y VARIABLES QUE AFECTAN LA MISMA,1990000,1990000,PESCADOS Y MARISCOS,NACIONAL,AGUAS INTERIORES,CIUDAD DE MEXICO,9,DEL. COYOACAN,9003,NA,NA,MORAL,NA,NA,NA,No Disponible,FOMENTO AL CONSUMO,ESFERA SOCIAL SC-XX-XX-09003XXXX
2018,PROGRAMA DE FOMENTO A LA PRODUCTIVIDAD PESQUERA Y ACUICOLA,FOMENTO AL CONSUMO,ACCIONES PARA FOMENTO AL CONSUMO,"EVENTOS Y FERIAS REGIONALES, NACIONALES E INTERNACIONALES",SOCIEDAD COOPERATIVA DE PRODUCCION PESQUERA Y DE SERVICIOS LA ALAMOSA S DE RL,EVENTO,FOMENTO DE PRODUCTOS MARINOS COMO MATERIA PRIMA,1000000,1000000,PESCADOS Y MARISCOS,ESTATAL,PACIFICO NORTE,SINALOA,25,MAZATLAN,25012,MAZATLAN,250120001,MORAL,250120001,NA,NA,No Disponible,FOMENTO AL CONSUMO,SOCIEDAD COOPERATIVA DE PRODUCCION PESQUERA Y DE SERVICIOS LA ALAMOSA S DE RL-XX-XX-250120001
2014,PROGRAMA DE FOMENTO A LA PRODUCTIVIDAD PESQUERA Y ACUICOLA,FOMENTO AL CONSUMO DE PRODUCTOS PESQUEROS Y ACUICOLAS,"EVENTOS Y FERIAS REGIONALES, NACIONALES E INTERNACIONALES","EVENTOS Y FERIAS REGIONALES, NACIONALES E INTERNACIONALES",COMITE ESTATAL SISTEMA PRODUCTO PULPO YUCATAN AC,EVENTO,FERIA REGIONAL PARA PULPO,200000,200000,PULPO,REGIONAL,CARIBE,YUCATAN,31,MERIDA,31050,MERIDA,310500001,MORAL,310500001,NA,NA,No Disponible,FOMENTO AL CONSUMO,COMITE ESTATAL SISTEMA PRODUCTO PULPO YUCATAN AC-XX-XX-310500001
2014,PROGRAMA DE FOMENTO A LA PRODUCTIVIDAD PESQUERA Y ACUICOLA,FOMENTO AL CONSUMO DE PRODUCTOS PESQUEROS Y ACUICOLAS,"EVENTOS Y FERIAS REGIONALES, NACIONALES E INTERNACIONALES","EVENTOS Y FERIAS REGIONALES, NACIONALES E INTERNACIONALES",SERVICIOS Y SOLUCIONES PARA EXPOSICIONES Y EVENTOS SA DE CV,EVENTO,PESCAMAR 2014,4000000,4000000,PESCADOS Y MARISCOS,ESTATAL,AGUAS INTERIORES,CIUDAD DE MEXICO,9,DEL. BENITO JUAREZ,9014,NA,NA,MORAL,NA,NA,NA,No Disponible,FOMENTO AL CONSUMO,SERVICIOS Y SOLUCIONES PARA EXPOSICIONES Y EVENTOS SA DE CV-XX-XX-09014XXXX
2014,PROGRAMA DE FOMENTO A LA PRODUCTIVIDAD PESQUERA Y ACUICOLA,FOMENTO AL CONSUMO DE PRODUCTOS PESQUEROS Y ACUICOLAS,ESTUDIO DE DIAGNOSTICO Y CONSUMO,ESTUDIO DE DIAGNOSTICO Y CONSUMO,COMITE SISTEMA PRODUCTO TILAPIA DE ANGELOPOLIS AC,ESTUDIO,"ESTUDIO DE DIAGNOSTICO PARA IDENTIFICAR LAS LIMITANTES EN EL CONSUMO DE PRODUCTOS PESQUEROS Y ACUICOLAS, Y PROPONER ESTRATEGIAS PARA AMPLIAR COBERTURA EN LA DISTRIBUCION DE PRODUCTOS PESQUEROS EN LA REGION SUR-SURESTE",2000000,2000000,PESCADOS Y MARISCOS,NACIONAL,AGUAS INTERIORES,PUEBLA,21,HUEYTAMALCO,21076,HUEYTAMALCO,210760001,MORAL,210760001,NA,NA,No Disponible,FOMENTO AL CONSUMO,COMITE SISTEMA PRODUCTO TILAPIA DE ANGELOPOLIS AC-XX-XX-210760001
2018,PROGRAMA DE FOMENTO A LA PRODUCTIVIDAD PESQUERA Y ACUICOLA,FOMENTO AL CONSUMO,ACCIONES PARA FOMENTO AL CONSUMO,"EVENTOS Y FERIAS REGIONALES, NACIONALES E INTERNACIONALES",SISTEMA PRODUCTO TRUTICOLA DE VERACRUZ AC,EVENTO,"EVENTO NACIONAL PARA FOMENTAR EL CONSUMO DE TRUCHA AIRCOIRIS EN XALAPA, VERACRUZ",150000,150000,TRUCHA,ESTATAL,GOLFO DE MEXICO,VERACRUZ,30,XALAPA,30087,XALAPA-ENRIQUEZ,300870001,MORAL,300870001,NA,NA,No Disponible,FOMENTO AL CONSUMO,SISTEMA PRODUCTO TRUTICOLA DE VERACRUZ AC-XX-XX-300870001
2018,PROGRAMA DE FOMENTO A LA PRODUCTIVIDAD PESQUERA Y ACUICOLA,FOMENTO AL CONSUMO,ACCIONES PARA FOMENTO AL CONSUMO,"EVENTOS Y FERIAS REGIONALES, NACIONALES E INTERNACIONALES",CENTRO NAYARITA DE INNOVACION Y TRANSFERENCIA DE TECNOLOGIA AC,EVENTO,1RA EXPO REGIONAL DE PESCADOS Y MARISCOS NAYARIT 2017 ,150000,150000,PESCADOS Y MARISCOS,ESTATAL,PACIFICO NORTE,NAYARIT,18,TEPIC,18017,TEPIC,180170001,MORAL,180170001,NA,NA,No Disponible,FOMENTO AL CONSUMO,CENTRO NAYARITA DE INNOVACION Y TRANSFERENCIA DE TECNOLOGIA AC-XX-XX-180170001
2017,PROGRAMA DE FOMENTO A LA PRODUCTIVIDAD PESQUERA Y ACUICOLA,FOMENTO AL CONSUMO,ACCIONES PARA FOMENTO AL CONSUMO,"EVENTOS Y FERIAS REGIONALES, NACIONALES E INTERNACIONALES",ACUACULTURA INTEGRAL DE BAJA CALIFORNIA SA DE CV,EVENTO,FESTIVAL DE LAS CONCHAS Y VINOS NUEVOS 2017,539941,539941,PESCADOS Y MARISCOS,ESTATAL,SIN ESPECIFICAR,NA,NA,NA,NA,NA,NA,MORAL,NA,NA,NA,No Disponible,FOMENTO AL CONSUMO,ACUACULTURA INTEGRAL DE BAJA CALIFORNIA SA DE CV-XX-XX-XXXXXXXXX
2014,PROGRAMA DE FOMENTO A LA PRODUCTIVIDAD PESQUERA Y ACUICOLA,FOMENTO AL CONSUMO DE PRODUCTOS PESQUEROS Y ACUICOLAS,ESTUDIO DE DIAGNOSTICO Y CONSUMO,ESTUDIO DE DIAGNOSTICO Y CONSUMO,ESFERA SOCIAL SC,ESTUDIO,ESTUDIO DE MERCADO Y EVALUACION DE PRODUCTOS CON BASE EN PESCADO,745428,745428,PESCADOS Y MARISCOS,NACIONAL,AGUAS INTERIORES,CIUDAD DE MEXICO,9,DEL. COYOACAN,9003,NA,NA,MORAL,NA,NA,NA,No Disponible,FOMENTO AL CONSUMO,ESFERA SOCIAL SC-XX-XX-09003XXXX
2014,PROGRAMA DE FOMENTO A LA PRODUCTIVIDAD PESQUERA Y ACUICOLA,FOMENTO AL CONSUMO DE PRODUCTOS PESQUEROS Y ACUICOLAS,"EVENTOS Y FERIAS REGIONALES, NACIONALES E INTERNACIONALES","EVENTOS Y FERIAS REGIONALES, NACIONALES E INTERNACIONALES",TECNOLOGIA Y PLANEACION PARA EL DESARROLLO SUSTENTABLE SA DE CV,EVENTO,"TEQUILA, MAR Y VINO",1500000,1500000,PESCADOS Y MARISCOS,ESTATAL,PACIFICO SUR,JALISCO,14,SAN PEDRO TLAQUEPAQUE,14098,TLAQUEPAQUE,140980001,MORAL,140980001,NA,NA,No Disponible,FOMENTO AL CONSUMO,TECNOLOGIA Y PLANEACION PARA EL DESARROLLO SUSTENTABLE SA DE CV-XX-XX-140980001
2017,PROGRAMA DE FOMENTO A LA PRODUCTIVIDAD PESQUERA Y ACUICOLA,FOMENTO AL CONSUMO,ACCIONES PARA FOMENTO AL CONSUMO,"EVENTOS Y FERIAS REGIONALES, NACIONALES E INTERNACIONALES",COMITE SISTEMA PRODUCTO PELAGICOS MENORES DE BAJA CALIFORNIA AC,EVENTO,9NA FERIA DE LA SARDINA,150000,150000,SARDINA,ESTATAL,PACIFICO NORTE,BAJA CALIFORNIA,2,ENSENADA,2001,ENSENADA,20010001,MORAL,20010001,NA,NA,No Disponible,FOMENTO AL CONSUMO,COMITE SISTEMA PRODUCTO PELAGICOS MENORES DE BAJA CALIFORNIA AC-XX-XX-020010001
2015,PROGRAMA DE FOMENTO A LA PRODUCTIVIDAD PESQUERA Y ACUICOLA,FOMENTO AL CONSUMO DE PRODUCTOS PESQUEROS Y ACUICOLAS,"EVENTOS Y FERIAS REGIONALES, NACIONALES E INTERNACIONALES","EVENTOS Y FERIAS REGIONALES, NACIONALES E INTERNACIONALES",AQUAMAR INTERNACIONAL SA DE CV,EVENTO,AQUAFEST 2015,1500000,1500000,PESCADOS Y MARISCOS,ESTATAL,GOLFO DE MEXICO,VERACRUZ,30,BOCA DEL RIO,30028,BOCA DEL RIO,300280001,MORAL,300280001,NA,NA,No Disponible,FOMENTO AL CONSUMO,AQUAMAR INTERNACIONAL SA DE CV-XX-XX-300280001
2017,PROGRAMA DE FOMENTO A LA PRODUCTIVIDAD PESQUERA Y ACUICOLA,FOMENTO AL CONSUMO,ACCIONES PARA FOMENTO AL CONSUMO,ESTUDIO DE DIAGNOSTICO Y CONSUMO,ESFERA SOCIAL SC,ESTUDIO,MEDICION DE FRECUENCIA DE CONSUMO DE PESCADOS Y MARISCOS E IMPACTO DE CAMPANAS A TRAVES DE UN ESTUDIO CUALITATIVO Y CUANTITATIVO,2000000,2000000,PESCADOS Y MARISCOS,NACIONAL,AGUAS INTERIORES,CIUDAD DE MEXICO,9,DEL. TLALPAN,9012,NA,NA,MORAL,NA,NA,NA,No Disponible,FOMENTO AL CONSUMO,ESFERA SOCIAL SC-XX-XX-09012XXXX
2016,PROGRAMA DE FOMENTO A LA PRODUCTIVIDAD PESQUERA Y ACUICOLA,FOMENTO AL CONSUMO,FOMENTO AL CONSUMO,"EVENTOS Y FERIAS REGIONALES, NACIONALES E INTERNACIONALES",DESIGN PUBLICATIONS SA DE CV,EVENTO,SEGURIDAD ALIMENTARIA Y DEMANDA DE PESCADOS Y MARISCOS EN EL MARCO DEL 11º FORO INTERNACIONAL DE ACUICULTURA,750000,750000,PESCADOS Y MARISCOS,ESTATAL,PACIFICO SUR,JALISCO,14,ZAPOPAN,14120,ZAPOPAN,141200001,MORAL,141200001,NA,NA,No Disponible,FOMENTO AL CONSUMO,DESIGN PUBLICATIONS SA DE CV-XX-XX-141200001
2017,PROGRAMA DE FOMENTO A LA PRODUCTIVIDAD PESQUERA Y ACUICOLA,FOMENTO AL CONSUMO,ACCIONES PARA FOMENTO AL CONSUMO,"EVENTOS Y FERIAS REGIONALES, NACIONALES E INTERNACIONALES",DESIGN PUBLICATIONS SA DE CV,EVENTO,EN EL MARCO DEL EVENTO 12° FORO INTERNACIONAL DE ACUICULTURA,2000000,2000000,PESCADOS Y MARISCOS,ESTATAL,PACIFICO SUR,JALISCO,14,ZAPOPAN,14120,ZAPOPAN,141200001,MORAL,141200001,NA,NA,No Disponible,FOMENTO AL CONSUMO,DESIGN PUBLICATIONS SA DE CV-XX-XX-141200001
2019,PROGRAMA DE FOMENTO A LA PRODUCTIVIDAD PESQUERA Y ACUICOLA,FOMENTO AL CONSUMO,ACCIONES PARA FOMENTO AL CONSUMO,"DIFUSION. MATERIAL IMPRESO, DIGITAL Y AUDIOVISUAL, ASI COMO MATERIAL INFORMATIVO, DIDACTICO Y PUBLICITARIO",ALIMENTOS CONGELADOS DEL MAR SA DE CV (CHEYSON FOODS),DIFUSIÓN,ACCIONES PARA FOMENTO AL CONSUMO,248000,200000,PESCADOS Y MARISCOS,ESTATAL,AGUAS INTERIORES,COAHUILA,NA,TORREÓN,NA,TORREÓN,NA,MORAL,NA,NA,NA,No Disponible,FOMENTO AL CONSUMO,ALIMENTOS CONGELADOS DEL MAR SA DE CV (CHEYSON FOODS)-XX-XX-XXXXXXXXX
2015,PROGRAMA DE FOMENTO A LA PRODUCTIVIDAD PESQUERA Y ACUICOLA,FOMENTO AL CONSUMO DE PRODUCTOS PESQUEROS Y ACUICOLAS,"EVENTOS Y FERIAS REGIONALES, NACIONALES E INTERNACIONALES","EVENTOS Y FERIAS REGIONALES, NACIONALES E INTERNACIONALES",PATRONATO DE BAJA SEAFOOD EXPO AC,EVENTO,BAJA SEAFOOD 2015,1100000,1100000,PESCADOS Y MARISCOS,ESTATAL,PACIFICO NORTE,BAJA CALIFORNIA,2,ENSENADA,2001,ENSENADA,20010001,MORAL,20010001,NA,NA,No Disponible,FOMENTO AL CONSUMO,PATRONATO DE BAJA SEAFOOD EXPO AC-XX-XX-020010001
2014,PROGRAMA DE FOMENTO A LA PRODUCTIVIDAD PESQUERA Y ACUICOLA,FOMENTO AL CONSUMO DE PRODUCTOS PESQUEROS Y ACUICOLAS,"EVENTOS Y FERIAS REGIONALES, NACIONALES E INTERNACIONALES","EVENTOS Y FERIAS REGIONALES, NACIONALES E INTERNACIONALES",COMITE NACIONAL SISTEMA PRODUCTO PELAGICOS MENORES AC,EVENTO,3ER CONCURSO GASTRONOMICO DE LA SARDINA SUDCALIFORNIANA,93839,93839,SARDINA,ESTATAL,PACIFICO NORTE,BAJA CALIFORNIA SUR,3,LA PAZ,3003,LA PAZ,30030001,MORAL,30030001,NA,NA,No Disponible,FOMENTO AL CONSUMO,COMITE NACIONAL SISTEMA PRODUCTO PELAGICOS MENORES AC-XX-XX-030030001
2016,PROGRAMA DE FOMENTO A LA PRODUCTIVIDAD PESQUERA Y ACUICOLA,FOMENTO AL CONSUMO,FOMENTO AL CONSUMO,"EVENTOS Y FERIAS REGIONALES, NACIONALES E INTERNACIONALES",XCD DESARROLLADORA SA DE CV,EVENTO,EXPO ANTAD 2016,500000,500000,PESCADOS Y MARISCOS,ESTATAL,PACIFICO SUR,JALISCO,14,GUADALAJARA,14039,GUADALAJARA,140390001,MORAL,140390001,NA,NA,No Disponible,FOMENTO AL CONSUMO,XCD DESARROLLADORA SA DE CV-XX-XX-140390001
2015,PROGRAMA DE FOMENTO A LA PRODUCTIVIDAD PESQUERA Y ACUICOLA,FOMENTO AL CONSUMO DE PRODUCTOS PESQUEROS Y ACUICOLAS,CAMPANAS INTEGRALES DE PROMOCION DE FOMENTO AL CONSUMO,ESTUDIO DE DIAGNOSTICO Y CONSUMO,COMITE NACIONAL SISTEMA PRODUCTO PELAGICOS MENORES AC,CAMPANA,CAMPANA INTEGRAL I DE FOMENTO AL CONSUMO DE PRODUCTOS PESQUEROS Y ACUICOLAS,21000000,21000000,PESCADOS Y MARISCOS,NACIONAL Y REGIONAL,SIN ESPECIFICAR,NA,NA,NA,NA,NA,NA,MORAL,NA,NA,NA,No Disponible,FOMENTO AL CONSUMO,COMITE NACIONAL SISTEMA PRODUCTO PELAGICOS MENORES AC-XX-XX-XXXXXXXXX
2017,PROGRAMA DE FOMENTO A LA PRODUCTIVIDAD PESQUERA Y ACUICOLA,FOMENTO AL CONSUMO,ACCIONES PARA FOMENTO AL CONSUMO,"EVENTOS Y FERIAS REGIONALES, NACIONALES E INTERNACIONALES",JUANA LETICIA FRAGOZO,EVENTO,PABELLON PESQUERO Y ACUICOLA EN EL MARCO DE LA EXPO MEXICO ALIMENTARIA 2017 FOOD SHOW,4500000,4500000,PESCADOS Y MARISCOS,ESTATAL,AGUAS INTERIORES,CIUDAD DE MEXICO,9,DEL. MIGUEL HIDALGO,9016,NA,NA,FISICA,NA,NA,NA,No Disponible,FOMENTO AL CONSUMO,JUANA LETICIA FRAGOZO-XX-XX-09016XXXX
2019,PROGRAMA DE FOMENTO A LA PRODUCTIVIDAD PESQUERA Y ACUICOLA,FOMENTO AL CONSUMO,ACCIONES PARA FOMENTO AL CONSUMO,"EVENTOS Y FERIAS REGIONALES, NACIONALES E INTERNACIONALES",GRUPO CONSULTOR VEER SC,EVENTO,EXPO FERIA DE PESCADOS Y MARISCOS DE NAYARIT 2019,2262264,1000000,PESCADOS Y MARISCOS,ESTATAL,PACIFICO NORTE,NAYARIT,18,TEPIC,18017,TEPIC,NA,MORAL,NA,NA,NA,No Disponible,FOMENTO AL CONSUMO,GRUPO CONSULTOR VEER SC-XX-XX-18017XXXX
2015,PROGRAMA DE FOMENTO A LA PRODUCTIVIDAD PESQUERA Y ACUICOLA,FOMENTO AL CONSUMO DE PRODUCTOS PESQUEROS Y ACUICOLAS,ESTUDIOS DE MERCADO Y MONITOREO DE CONSUMO,ESTUDIO DE DIAGNOSTICO Y CONSUMO,IPSOS BIMSA SA DE CV,ESTUDIO,ESTUDIO DE MERCADO PARA EVALUAR CUALITATIVA Y CUANTITATIVAMENTE LAS CAMPANAS DE PROMOCION DE FOMENTO AL CONSUMO 2015,1718000,1718000,PESCADOS Y MARISCOS,NACIONAL,AGUAS INTERIORES,CIUDAD DE MEXICO,9,DEL. CUAJIMALPA DE MORELOS,9004,NA,NA,MORAL,NA,NA,NA,No Disponible,FOMENTO AL CONSUMO,IPSOS BIMSA SA DE CV-XX-XX-09004XXXX
2014,PROGRAMA DE FOMENTO A LA PRODUCTIVIDAD PESQUERA Y ACUICOLA,FOMENTO AL CONSUMO DE PRODUCTOS PESQUEROS Y ACUICOLAS,"EVENTOS Y FERIAS REGIONALES, NACIONALES E INTERNACIONALES","EVENTOS Y FERIAS REGIONALES, NACIONALES E INTERNACIONALES",DESIGN PUBLICATIONS SA DE CV,EVENTO,FIACUI,2000000,2000000,PESCADOS Y MARISCOS,ESTATAL,PACIFICO SUR,JALISCO,14,ZAPOPAN,14120,ZAPOPAN,141200001,MORAL,141200001,NA,NA,No Disponible,FOMENTO AL CONSUMO,DESIGN PUBLICATIONS SA DE CV-XX-XX-141200001
2014,PROGRAMA DE FOMENTO A LA PRODUCTIVIDAD PESQUERA Y ACUICOLA,FOMENTO AL CONSUMO DE PRODUCTOS PESQUEROS Y ACUICOLAS,"EVENTOS Y FERIAS REGIONALES, NACIONALES E INTERNACIONALES","EVENTOS Y FERIAS REGIONALES, NACIONALES E INTERNACIONALES",UNION ESTATAL DE PESCA Y ACUACULTURA BCS,EVENTO,1ER FORO ACUICOLA Y PESQUERO DE LA CONFEDERACION NACIONAL CAMPESINA,1500000,1500000,PESCADOS Y MARISCOS,NACIONAL,PACIFICO NORTE,BAJA CALIFORNIA SUR,3,LA PAZ,3003,LA PAZ,30030001,MORAL,30030001,NA,NA,No Disponible,FOMENTO AL CONSUMO,UNION ESTATAL DE PESCA Y ACUACULTURA BCS-XX-XX-030030001
2017,PROGRAMA DE FOMENTO A LA PRODUCTIVIDAD PESQUERA Y ACUICOLA,FOMENTO AL CONSUMO,ACCIONES PARA FOMENTO AL CONSUMO,"EVENTOS Y FERIAS REGIONALES, NACIONALES E INTERNACIONALES",LATIN AMERICAN AND CARIBBEAN CHAPTER OF WAS AC,EVENTO,LACQUA17: CONSOLIDANDO EL DESARROLLO DE LA ACUACULTURA Y FOMENTANDO EL CONSUMO DE PRODUCTOS ACUICOLAS,2000000,2000000,PESCADOS Y MARISCOS,ESTATAL,PACIFICO NORTE,BAJA CALIFORNIA SUR,3,LA PAZ,3003,LA PAZ,30030001,MORAL,30030001,NA,NA,No Disponible,FOMENTO AL CONSUMO,LATIN AMERICAN AND CARIBBEAN CHAPTER OF WAS AC-XX-XX-030030001
2014,PROGRAMA DE FOMENTO A LA PRODUCTIVIDAD PESQUERA Y ACUICOLA,FOMENTO AL CONSUMO DE PRODUCTOS PESQUEROS Y ACUICOLAS,"EVENTOS Y FERIAS REGIONALES, NACIONALES E INTERNACIONALES","EVENTOS Y FERIAS REGIONALES, NACIONALES E INTERNACIONALES",PATRONATO DE AGROBAJA AC,EVENTO,EVENTO NACIONAL AGROBAJA 2014,904394,904394,PESCADOS Y MARISCOS,ESTATAL,PACIFICO NORTE,BAJA CALIFORNIA,2,MEXICALI,2002,MEXICALI,20020001,MORAL,20020001,NA,NA,No Disponible,FOMENTO AL CONSUMO,PATRONATO DE AGROBAJA AC-XX-XX-020020001
2014,PROGRAMA DE FOMENTO A LA PRODUCTIVIDAD PESQUERA Y ACUICOLA,FOMENTO AL CONSUMO DE PRODUCTOS PESQUEROS Y ACUICOLAS,"EVENTOS Y FERIAS REGIONALES, NACIONALES E INTERNACIONALES","EVENTOS Y FERIAS REGIONALES, NACIONALES E INTERNACIONALES",CONSEJO NACIONAL DEL BAGRE DE TAMAULIPAS AC,EVENTO,FERIA NACIONAL DEL BAGRE 2014,414515,414515,BAGRE,ESTATAL,PACIFICO SUR,MICHOACAN,16,MORELIA,16053,MORELIA,160530001,MORAL,160530001,NA,NA,No Disponible,FOMENTO AL CONSUMO,CONSEJO NACIONAL DEL BAGRE DE TAMAULIPAS AC-XX-XX-160530001
2014,PROGRAMA DE FOMENTO A LA PRODUCTIVIDAD PESQUERA Y ACUICOLA,FOMENTO AL CONSUMO DE PRODUCTOS PESQUEROS Y ACUICOLAS,"EVENTOS Y FERIAS REGIONALES, NACIONALES E INTERNACIONALES","EVENTOS Y FERIAS REGIONALES, NACIONALES E INTERNACIONALES",CENTRO DE INVESTIGACION Y DESARROLLO COSTERO SC,EVENTO,FERIA GASTRONOMICA,320000,320000,PESCADOS Y MARISCOS,ESTATAL,PACIFICO NORTE,BAJA CALIFORNIA,2,ENSENADA,2001,ENSENADA,20010001,MORAL,20010001,NA,NA,No Disponible,FOMENTO AL CONSUMO,CENTRO DE INVESTIGACION Y DESARROLLO COSTERO SC-XX-XX-020010001
2017,PROGRAMA DE FOMENTO A LA PRODUCTIVIDAD PESQUERA Y ACUICOLA,FOMENTO AL CONSUMO,ACCIONES PARA FOMENTO AL CONSUMO,"EVENTOS Y FERIAS REGIONALES, NACIONALES E INTERNACIONALES",SERVICIOS Y SOLUCIONES PARA EXPOSICIONES Y EVENTOS SA DE CV,EVENTO,PESCAMAR 2017,4500000,4500000,PESCADOS Y MARISCOS,ESTATAL,AGUAS INTERIORES,CIUDAD DE MEXICO,9,DEL. BENITO JUAREZ,9014,NA,NA,MORAL,NA,NA,NA,No Disponible,FOMENTO AL CONSUMO,SERVICIOS Y SOLUCIONES PARA EXPOSICIONES Y EVENTOS SA DE CV-XX-XX-09014XXXX
2019,PROGRAMA DE FOMENTO A LA PRODUCTIVIDAD PESQUERA Y ACUICOLA,FOMENTO AL CONSUMO,ACCIONES PARA FOMENTO AL CONSUMO,CAMPANAS INTEGRALES DE PROMOCION DE FOMENTO AL CONSUMO ,CONSEJO MEXICANO DE PROMOCION DE LOS PROMOCION DE LOS PRODUCTOS PESQUEROS Y ACUICOLAS AC,CAMPAÑA,CAMPAÑA DE PROMOCIÓN DE CONSUMO DE PESCADOS Y MARISCOS MEXICANOS 2019,4500000,1500000,PESCADOS Y MARISCOS,NACIONAL,SIN ESPECIFICAR,NACIONAL,NA,NA,NA,NA,NA,MORAL,NA,NA,NA,No Disponible,FOMENTO AL CONSUMO,CONSEJO MEXICANO DE PROMOCION DE LOS PROMOCION DE LOS PRODUCTOS PESQUEROS Y ACUICOLAS AC-XX-XX-XXXXXXXXX
2016,PROGRAMA DE FOMENTO A LA PRODUCTIVIDAD PESQUERA Y ACUICOLA,FOMENTO AL CONSUMO,FOMENTO AL CONSUMO,"EVENTOS Y FERIAS REGIONALES, NACIONALES E INTERNACIONALES",SERVICIOS Y SOLUCIONES PARA EXPOSICIONES Y EVENTOS SA DE CV,EVENTO,PESCAMAR 2016,4000000,4000000,PESCADOS Y MARISCOS,ESTATAL,AGUAS INTERIORES,CIUDAD DE MEXICO,9,DEL. GUSTAVO A. MADERO,9005,NA,NA,MORAL,NA,NA,NA,No Disponible,FOMENTO AL CONSUMO,SERVICIOS Y SOLUCIONES PARA EXPOSICIONES Y EVENTOS SA DE CV-XX-XX-09005XXXX
2019,PROGRAMA DE FOMENTO A LA PRODUCTIVIDAD PESQUERA Y ACUICOLA,FOMENTO AL CONSUMO,ACCIONES PARA FOMENTO AL CONSUMO,"EVENTOS Y FERIAS REGIONALES, NACIONALES E INTERNACIONALES",COMITE SISTEMA PRODUCTO TILAPIA DE MEXICO,EVENTO,EVENTO NACIONAL DE TILAPIA ZACATECAS 2019,1500000,1000000,TILAPIA,ESTATAL,AGUAS INTERIORES,ZACATECAS,NA,ZACATECAS,NA,ZACATECAS,NA,MORAL,NA,NA,NA,No Disponible,FOMENTO AL CONSUMO,COMITE SISTEMA PRODUCTO TILAPIA DE MEXICO-XX-XX-XXXXXXXXX
2016,PROGRAMA DE FOMENTO A LA PRODUCTIVIDAD PESQUERA Y ACUICOLA,FOMENTO AL CONSUMO,FOMENTO AL CONSUMO,"EVENTOS Y FERIAS REGIONALES, NACIONALES E INTERNACIONALES",PATRONATO DE AGROBAJA AC,EVENTO,EVENTO NACIONAL AGROBAJA 2016,833094,833094,PESCADOS Y MARISCOS,ESTATAL,PACIFICO NORTE,BAJA CALIFORNIA,2,MEXICALI,2002,MEXICALI,20020001,MORAL,20020001,NA,NA,No Disponible,FOMENTO AL CONSUMO,PATRONATO DE AGROBAJA AC-XX-XX-020020001
2015,PROGRAMA DE FOMENTO A LA PRODUCTIVIDAD PESQUERA Y ACUICOLA,FOMENTO AL CONSUMO DE PRODUCTOS PESQUEROS Y ACUICOLAS,"EVENTOS Y FERIAS REGIONALES, NACIONALES E INTERNACIONALES","EVENTOS Y FERIAS REGIONALES, NACIONALES E INTERNACIONALES",DESARROLLO SOCIAL Y EMPRESARIAL DESDE LO LOCAL AC,EVENTO,"LA ISLA DEL SABOR, DENTRO DEL EVENTO ""PAPIROLAS 2015"" ",2000000,2000000,PESCADOS Y MARISCOS,ESTATAL,PACIFICO SUR,JALISCO,14,TLAJOMULCO DE ZUNIGA,14097,TLAJOMULCO DE ZUNIGA,140970001,MORAL,140970001,NA,NA,No Disponible,FOMENTO AL CONSUMO,DESARROLLO SOCIAL Y EMPRESARIAL DESDE LO LOCAL AC-XX-XX-140970001
2018,PROGRAMA DE FOMENTO A LA PRODUCTIVIDAD PESQUERA Y ACUICOLA,FOMENTO AL CONSUMO,ACCIONES PARA FOMENTO AL CONSUMO,"EVENTOS Y FERIAS REGIONALES, NACIONALES E INTERNACIONALES",COMITE SISTEMA PRODUCTO PELAGICOS MENORES DE BAJA CALIFORNIA AC,EVENTO,PABELLÓN PESQUERO Y ACUÍCOLA 2018,4500000,4500000,PESCADOS Y MARISCOS,ESTATAL,PACIFICO NORTE,BAJA CALIFORNIA,2,ENSENADA,2001,ENSENADA,20010001,MORAL,20010001,NA,NA,No Disponible,FOMENTO AL CONSUMO,COMITE SISTEMA PRODUCTO PELAGICOS MENORES DE BAJA CALIFORNIA AC-XX-XX-020010001
2018,PROGRAMA DE FOMENTO A LA PRODUCTIVIDAD PESQUERA Y ACUICOLA,FOMENTO AL CONSUMO,ACCIONES PARA FOMENTO AL CONSUMO,"EVENTOS Y FERIAS REGIONALES, NACIONALES E INTERNACIONALES",COMITE NACIONAL SISTEMA PRODUCTO JAIBA AC,EVENTO,1ER FESTIVAL DEL MAR,300000,300000,PESCADOS Y MARISCOS,ESTATAL,PACIFICO NORTE,SONORA,26,HERMOSILLO,26030,HERMOSILLO,260300001,MORAL,260300001,NA,NA,No Disponible,FOMENTO AL CONSUMO,COMITE NACIONAL SISTEMA PRODUCTO JAIBA AC-XX-XX-260300001
2015,PROGRAMA DE FOMENTO A LA PRODUCTIVIDAD PESQUERA Y ACUICOLA,FOMENTO AL CONSUMO DE PRODUCTOS PESQUEROS Y ACUICOLAS,ESTUDIOS DE MERCADO Y MONITOREO DE CONSUMO,ESTUDIO DE DIAGNOSTICO Y CONSUMO,ALEJANDRO GODOY ROMERO,ESTUDIO,ESTUDIO PARA LA ELABORACION Y CONCEPTO DE PUNTO DE VENTA DE PESCADOS Y MARISCOS,600000,600000,PESCADOS Y MARISCOS,REGIONAL,PACIFICO NORTE,SONORA,26,HERMOSILLO,26030,HERMOSILLO,260300001,FISICA,260300001,NA,NA,No Disponible,FOMENTO AL CONSUMO,ALEJANDRO GODOY ROMERO-XX-XX-260300001
2015,PROGRAMA DE FOMENTO A LA PRODUCTIVIDAD PESQUERA Y ACUICOLA,FOMENTO AL CONSUMO DE PRODUCTOS PESQUEROS Y ACUICOLAS,"EVENTOS Y FERIAS REGIONALES, NACIONALES E INTERNACIONALES","EVENTOS Y FERIAS REGIONALES, NACIONALES E INTERNACIONALES",EVENTAGE MEXICO SA DE CV,EVENTO,FORO ECONOMICO DE PESCA Y ACUACULTURA 2015,1266906,1266906,PESCADOS Y MARISCOS,ESTATAL,AGUAS INTERIORES,CIUDAD DE MEXICO,9,DEL. IZTAPALAPA,9007,NA,NA,MORAL,NA,NA,NA,No Disponible,FOMENTO AL CONSUMO,EVENTAGE MEXICO SA DE CV-XX-XX-09007XXXX
2014,PROGRAMA DE FOMENTO A LA PRODUCTIVIDAD PESQUERA Y ACUICOLA,FOMENTO AL CONSUMO DE PRODUCTOS PESQUEROS Y ACUICOLAS,"EVENTOS Y FERIAS REGIONALES, NACIONALES E INTERNACIONALES","EVENTOS Y FERIAS REGIONALES, NACIONALES E INTERNACIONALES",CONSEJO MEXICANO DE PROMOCION DE LOS PRODUCTOS PESQUEROS Y ACUICOLAS AC,EVENTO,FERIA NACIONAL DE CUARESMA 2014,1415896,1415896,PESCADOS Y MARISCOS,ESTATAL,AGUAS INTERIORES,CIUDAD DE MEXICO,9,DEL. BENITO JUAREZ,9014,NA,NA,MORAL,NA,NA,NA,No Disponible,FOMENTO AL CONSUMO,CONSEJO MEXICANO DE PROMOCION DE LOS PRODUCTOS PESQUEROS Y ACUICOLAS AC-XX-XX-09014XXXX
